Date,AGG,EEM,EFA,GLD,SPY,TLT,VNQ
2016-08-08,84.53540802001953,29.621639251708984,43.10916519165039,127.44000244140625,185.7378692626953,104.1885757446289,60.87027359008789
2016-08-09,84.7538070678711,29.822437286376953,43.45177459716797,127.95999908447266,185.8485870361328,105.21350860595703,61.199867248535156
2016-08-10,84.85177612304688,29.830476760864258,43.600738525390625,128.55999755859375,185.3886260986328,105.62039184570312,61.13260269165039
2016-08-11,84.62580108642578,30.21600914001465,43.91354751586914,127.66999816894531,186.24893188476562,104.67845153808594,60.43976974487305
2016-08-12,84.82913208007812,30.10355567932129,43.801822662353516,127.4000015258789,186.08714294433594,105.56011962890625,60.69536209106445
2016-08-15,84.67851257324219,30.416799545288086,43.97313690185547,127.83999633789062,186.62379455566406,104.56541442871094,60.63482666015625
2016-08-16,84.62580108642578,30.28026008605957,43.90610122680664,128.47000122070312,185.66122436523438,104.28659057617188,59.90835189819336
2016-08-17,84.78394317626953,30.08749771118164,43.89120101928711,128.5,186.0104522705078,104.91204071044922,60.15048599243164
2016-08-18,84.90448760986328,30.368602752685547,44.114646911621094,129.11000061035156,186.4278564453125,105.07781219482422,59.92850875854492
2016-08-19,84.71622467041016,30.199932098388672,43.786922454833984,127.97000122070312,186.15525817871094,104.52780151367188,59.54508590698242
2016-08-22,84.84422302246094,29.79833984375,43.83161544799805,127.77999877929688,186.146728515625,105.40941619873047,59.86799621582031
2016-08-23,84.86677551269531,29.677865982055664,44.017818450927734,127.76000213623047,186.52149963378906,105.5224609375,59.901615142822266
2016-08-24,84.83670806884766,29.758182525634766,43.91354751586914,126.33999633789062,185.56753540039062,105.27378845214844,59.6392822265625
2016-08-25,84.74628448486328,29.782278060913086,43.73479080200195,126.2300033569336,185.43968200683594,104.87438201904297,59.90835189819336
2016-08-26,84.61071014404297,29.525257110595703,43.47411346435547,126.05000305175781,185.0905303955078,104.26399230957031,59.3163948059082
2016-08-29,84.84422302246094,29.75015640258789,43.60816955566406,126.30000305175781,186.0018768310547,105.65805053710938,59.901615142822266
2016-08-30,84.79899597167969,29.669832229614258,43.54860305786133,125.02999877929688,185.6952667236328,105.2511978149414,59.787261962890625
2016-08-31,84.78394317626953,29.34052848815918,43.45920944213867,124.77999877929688,185.1671905517578,105.40181732177734,59.847816467285156
2016-09-01,84.85789489746094,29.565420150756836,43.75714111328125,125.29000091552734,185.17568969726562,105.51814270019531,59.69981384277344
2016-09-02,84.7447280883789,30.047334671020508,44.263607025146484,126.56999969482422,186.0104522705078,104.65750122070312,60.217769622802734
2016-09-06,84.92584228515625,30.68988037109375,44.561527252197266,128.7100067138672,186.5726776123047,105.41996765136719,60.68191909790039
2016-09-07,84.9710693359375,30.593496322631836,44.5838737487793,128.27000427246094,186.55560302734375,105.34445190429688,61.04515838623047
2016-09-08,84.6768569946289,30.513185501098633,44.45726013183594,127.58999633789062,186.1297149658203,104.02334594726562,60.29850387573242
2016-09-09,84.30709838867188,29.485097885131836,43.5932731628418,126.75,181.6747283935547,102.30962371826172,57.91049575805664
2016-09-12,84.375,29.685897827148438,43.95079040527344,126.58999633789062,184.28126525878906,102.36250305175781,58.59662628173828
2016-09-13,84.14108276367188,28.938934326171875,43.06447982788086,125.75,181.63211059570312,101.19986724853516,57.12547302246094
2016-09-14,84.24674224853516,29.02727699279785,43.00489044189453,126.18000030517578,181.56394958496094,101.35089874267578,57.3083610534668
2016-09-15,84.29954528808594,29.525257110595703,43.377296447753906,125.37000274658203,183.37832641601562,100.91300201416016,57.52509689331055
2016-09-16,84.35993194580078,29.324462890625,42.81869125366211,125.05999755859375,182.66949462890625,101.72832489013672,57.55219268798828
2016-09-19,84.29200744628906,29.55738639831543,43.042137145996094,125.31999969482422,182.70375061035156,101.39620971679688,58.073726654052734
2016-09-20,84.32218933105469,29.573450088500977,43.30280685424805,125.44000244140625,182.71226501464844,101.75101470947266,57.98568344116211
2016-09-21,84.53343963623047,30.40073585510254,44.06251525878906,127.2699966430664,184.76702880859375,102.57386016845703,58.73073196411133
2016-09-22,84.70702362060547,30.617599487304688,44.5093879699707,127.56999969482422,185.9312744140625,103.38924407958984,59.78057861328125
2016-09-23,84.68437957763672,30.224035263061523,44.13698959350586,127.6500015258789,184.9125518798828,103.29106140136719,59.96346664428711
2016-09-26,84.79004669189453,29.782278060913086,43.72734451293945,127.55000305175781,183.41432189941406,103.94786071777344,60.1057014465332
2016-09-27,84.89567565917969,30.207965850830078,43.9359016418457,126.62000274658203,184.55294799804688,104.7103042602539,59.469024658203125
2016-09-28,84.91826629638672,30.481056213378906,44.24870681762695,126.22000122070312,185.46897888183594,104.48384857177734,59.95668411254883
2016-09-29,84.91826629638672,29.95094871520996,43.697547912597656,126.06999969482422,183.79100036621094,104.74810028076172,59.157447814941406
2016-09-30,84.82769012451172,30.079463958740234,44.040164947509766,125.63999938964844,185.17791748046875,103.8119888305664,58.75105667114258
2016-10-03,84.73172760009766,30.28829002380371,43.92099380493164,125.31999969482422,184.73272705078125,103.46936798095703,57.65380859375
2016-10-04,84.44448852539062,29.95094871520996,43.91354751586914,120.97000122070312,183.79100036621094,102.25928497314453,56.868099212646484
2016-10-05,84.33106994628906,30.38467788696289,44.092308044433594,120.77999877929688,184.6043243408203,101.7828140258789,55.716651916503906
2016-10-06,84.33106994628906,30.408763885498047,43.85396957397461,119.66000366210938,184.73272705078125,101.2155532836914,55.73697280883789
2016-10-07,84.3462142944336,30.2722225189209,43.63053512573242,119.73999786376953,184.09921264648438,101.28369903564453,55.64213562011719
2016-10-10,84.30841064453125,30.60152816772461,43.75714111328125,120.16000366210938,185.05807495117188,100.68616485595703,55.98757553100586
2016-10-11,84.17990112304688,29.89472198486328,43.13895034790039,119.55000305175781,182.7208709716797,100.4593276977539,55.44571304321289
2016-10-12,84.2101058959961,29.838504791259766,43.042137145996094,119.73999786376953,182.96058654785156,100.5576400756836,56.0823974609375
2016-10-13,84.33106994628906,29.573450088500977,42.878273010253906,120.02999877929688,182.36126708984375,100.93574523925781,56.522666931152344
2016-10-14,84.18746948242188,29.621639251708984,42.952754974365234,119.36000061035156,182.45542907714844,99.521484375,56.272056579589844
2016-10-17,84.33106994628906,29.589513778686523,42.826141357421875,119.68000030517578,181.82191467285156,100.15677642822266,56.393978118896484
2016-10-18,84.46717834472656,30.11159324645996,43.250675201416016,120.41999816894531,182.96058654785156,100.48197174072266,56.75296401977539
2016-10-19,84.5125503540039,30.296316146850586,43.369842529296875,121.11000061035156,183.44851684570312,100.56515502929688,56.874881744384766
2016-10-20,84.4822769165039,30.207965850830078,43.43688201904297,120.73999786376953,183.10609436035156,100.67107391357422,56.746158599853516
2016-10-21,84.53518676757812,30.199932098388672,43.340049743652344,120.83000183105469,183.19171142578125,100.82228088378906,56.536224365234375
2016-10-24,84.40666961669922,30.32845115661621,43.332603454589844,120.55999755859375,183.97076416015625,100.3836441040039,56.66489028930664
2016-10-25,84.40666961669922,30.36057472229004,43.30280685424805,121.47000122070312,183.35440063476562,100.64836883544922,56.56330490112305
2016-10-26,84.24036407470703,30.03929901123047,43.10916519165039,120.79000091552734,182.9862060546875,99.96770477294922,55.82501220703125
2016-10-27,84.02873229980469,29.782278060913086,43.057029724121094,121.01000213623047,182.498291015625,98.87867736816406,54.362003326416016
2016-10-28,84.02873229980469,29.661806106567383,43.042137145996094,121.58000183105469,181.95892333984375,98.65928649902344,54.49068832397461
2016-10-31,84.13455200195312,29.830476760864258,43.06447982788086,121.94000244140625,181.96743774414062,99.26432800292969,55.37798309326172
2016-11-01,84.089111328125,29.589513778686523,42.878273010253906,122.7300033569336,180.6490478515625,99.27189636230469,54.17234802246094
2016-11-02,84.18757629394531,29.236116409301758,42.587799072265625,123.63999938964844,179.56178283691406,99.70381927490234,53.3798713684082
2016-11-03,84.073974609375,29.155797958374023,42.54310989379883,124.30000305175781,178.73989868164062,98.93852233886719,52.96672439575195
2016-11-04,84.24812316894531,28.85860824584961,42.13347244262695,124.38999938964844,178.54299926757812,99.8250732421875,53.38666915893555
2016-11-07,84.1496810913086,29.902753829956055,42.714420318603516,122.1500015258789,182.48117065429688,98.9764404296875,54.32136917114258
2016-11-08,84.01335144042969,30.09552001953125,42.833587646484375,121.63999938964844,183.3030242919922,98.5748291015625,54.60584259033203
2016-11-09,83.23330688476562,29.11562728881836,42.87082290649414,121.55999755859375,185.2464141845703,94.39203643798828,53.779510498046875
2016-11-10,82.8924789428711,28.288352966308594,42.751651763916016,119.75,185.70864868164062,92.99781799316406,52.878662109375
2016-11-11,82.74099731445312,27.75020408630371,42.49098205566406,117.0999984741211,185.2806396484375,92.4749755859375,53.197017669677734
2016-11-14,82.4077377319336,27.54941177368164,42.26008224487305,116.11000061035156,185.42616271972656,91.9217758178711,54.45682907104492
2016-11-15,82.46833038330078,28.103614807128906,42.4462890625,117.12000274658203,186.87303161621094,92.37644958496094,54.00301742553711
2016-11-16,82.65016174316406,27.870681762695312,41.99940872192383,116.7699966430664,186.52195739746094,93.20999145507812,53.84723663330078
2016-11-17,82.33963012695312,27.910846710205078,42.319671630859375,116.16999816894531,187.4808349609375,91.83844757080078,53.298606872558594
2016-11-18,82.07453918457031,27.782337188720703,41.85789108276367,115.1500015258789,187.06138610839844,91.57328796386719,53.45439529418945
2016-11-21,82.14266967773438,28.055421829223633,42.21540069580078,115.58000183105469,188.4739227294922,91.80059051513672,53.29184341430664
2016-11-22,82.21847534179688,28.481109619140625,42.319671630859375,115.54000091552734,188.84207153320312,91.7702407836914,54.2265510559082
2016-11-23,81.93063354492188,28.175901412963867,42.170711517333984,113.25,188.94480895996094,91.41414642333984,53.99625778198242
2016-11-25,81.92306518554688,28.312440872192383,42.297332763671875,112.61000061035156,189.6468048095703,91.5505142211914,54.307823181152344
2016-11-28,82.21086883544922,28.42489242553711,42.07388687133789,113.80000305175781,188.7564239501953,92.22489166259766,54.558433532714844
2016-11-29,82.30171966552734,28.465045928955078,42.34201431274414,113.2699966430664,189.12464904785156,92.61132049560547,55.07996368408203
2016-11-30,81.97610473632812,28.513242721557617,42.297332763671875,111.75,188.6708526611328,91.11101531982422,54.45003890991211
2016-12-01,81.7059555053711,28.175901412963867,42.13347244262695,111.54000091552734,187.97740173339844,90.14897918701172,53.65080261230469
2016-12-02,81.9639663696289,28.20802116394043,42.23774337768555,112.13999938964844,188.07159423828125,90.80955505371094,54.1859016418457
2016-12-05,82.0322265625,28.440948486328125,42.65483093261719,111.54000091552734,189.2016143798828,90.71089935302734,54.58552551269531
2016-12-06,82.01708221435547,28.593563079833984,42.945308685302734,111.43000030517578,189.80088806152344,90.64252471923828,54.93771743774414
2016-12-07,82.22952270507812,29.075471878051758,43.58583450317383,111.83000183105469,192.28370666503906,91.41703033447266,56.035003662109375
2016-12-08,82.0777359008789,29.203989028930664,43.54860305786133,111.56999969482422,192.7545166015625,90.33882904052734,56.42106628417969
2016-12-09,81.8274154663086,29.051376342773438,43.73479080200195,110.4000015258789,193.91879272460938,89.21514129638672,56.3601188659668
2016-12-12,81.75149536132812,28.85860824584961,43.5411491394043,110.81999969482422,193.69627380371094,89.38215637207031,56.73263931274414
2016-12-13,81.85770416259766,29.17989158630371,44.010379791259766,110.44999694824219,194.98904418945312,89.70103454589844,56.70553970336914
2016-12-14,81.41004943847656,28.312440872192383,43.362403869628906,108.83000183105469,193.3794708251953,88.69879913330078,55.46603775024414
2016-12-15,81.31137084960938,28.360633850097656,43.26557540893555,107.33999633789062,194.1756591796875,89.14682006835938,55.14093017578125
2016-12-16,81.36450958251953,28.23212242126465,43.29536819458008,108.05000305175781,193.79588317871094,88.9417953491211,55.967254638671875
2016-12-19,81.57695770263672,28.039356231689453,43.228328704833984,108.58999633789062,194.2178955078125,89.89845275878906,56.57007598876953
2016-12-20,81.5010986328125,28.135738372802734,43.377296447753906,107.79000091552734,194.96707153320312,89.45049285888672,56.698753356933594
2016-12-21,81.67562103271484,28.01875877380371,43.389339447021484,107.8499984741211,194.424560546875,89.8453140258789,55.838565826416016
2016-12-22,81.67483520507812,27.685691833496094,43.291500091552734,107.58999633789062,194.0887451171875,89.6846694946289,55.74520492553711
2016-12-23,81.6976089477539,27.848159790039062,43.40438461303711,107.93000030517578,194.3729248046875,89.86740112304688,55.89042282104492
2016-12-27,81.6368179321289,27.97002410888672,43.35171127319336,108.55999755859375,194.85513305664062,89.57811737060547,56.00798416137695
2016-12-28,81.76612091064453,28.181232452392578,43.186161041259766,108.86000061035156,193.24476623535156,90.23279571533203,55.66912841796875
2016-12-29,82.01713562011719,28.644285202026367,43.291500091552734,110.29000091552734,193.2017059326172,90.5525131225586,56.36069869995117
2016-12-30,82.1844253540039,28.441192626953125,43.44200134277344,109.61000061035156,192.49551391601562,90.68953704833984,57.07297134399414
2017-01-03,82.26810455322266,28.78238868713379,43.712913513183594,110.47000122070312,193.9681396484375,91.07781219482422,57.25967788696289
2017-01-04,82.29088592529297,29.001731872558594,44.209556579589844,110.86000061035156,195.12210083007812,91.42799377441406,58.09646224975586
2017-01-05,82.63312530517578,29.318553924560547,44.585819244384766,112.58000183105469,194.96707153320312,92.85914611816406,58.283164978027344
2017-01-06,82.35933685302734,29.196697235107422,44.43532180786133,111.75,195.66464233398438,92.00654602050781,58.29008483886719
2017-01-09,82.49620819091797,29.172327041625977,44.36758804321289,112.66999816894531,195.018798828125,92.74498748779297,57.764503479003906
2017-01-10,82.47342681884766,29.342933654785156,44.3751106262207,113.1500015258789,195.018798828125,92.68403625488281,57.27350997924805
2017-01-11,82.57229614257812,29.69224739074707,44.60839080810547,113.5,195.56993103027344,92.99617767333984,56.920833587646484
2017-01-12,82.60272216796875,29.822229385375977,44.676116943359375,113.91000366210938,195.07904052734375,92.79061889648438,57.211273193359375
2017-01-13,82.45820617675781,29.79785919189453,44.841670989990234,114.20999908447266,195.52687072753906,92.34912109375,57.1282844543457
2017-01-17,82.73960876464844,29.781600952148438,44.676116943359375,115.8499984741211,194.83790588378906,93.3159408569336,57.570884704589844
2017-01-18,82.38212585449219,29.6191349029541,44.54819107055664,114.87000274658203,195.2685089111328,92.12071228027344,57.667701721191406
2017-01-19,82.16917419433594,29.529773712158203,44.43532180786133,114.7699966430664,194.5451202392578,91.48889923095703,57.07988739013672
2017-01-20,82.1996078491211,29.58664321899414,44.691162109375,115.05000305175781,195.25991821289062,91.30620574951172,57.49478530883789
2017-01-23,82.42780303955078,30.025325775146484,44.80404281616211,115.79000091552734,194.75181579589844,92.21967315673828,57.97888946533203
2017-01-24,82.2984848022461,30.212158203125,44.916908264160156,115.2699966430664,196.00051879882812,91.58785247802734,57.99271774291992
2017-01-25,82.0779037475586,30.54523468017578,45.38347244262695,114.31999969482422,197.6969757080078,90.43831634521484,57.612388610839844
2017-01-26,82.13119506835938,30.415260314941406,45.20286560058594,113.26000213623047,197.4902801513672,90.74281311035156,57.501731872558594
2017-01-27,82.1996078491211,30.439626693725586,45.12761306762695,113.48999786376953,197.1802978515625,91.07019805908203,56.941566467285156
2017-01-30,82.16158294677734,30.277162551879883,44.80404281616211,113.97000122070312,195.95741271972656,90.79615783691406,56.5543212890625
2017-01-31,82.35933685302734,30.334030151367188,44.87177276611328,115.55000305175781,195.9402313232422,91.42799377441406,56.96231460571289
2017-02-01,82.24352264404297,30.35027503967285,45.0523681640625,115.19999694824219,196.01771545410156,90.8626708984375,56.277679443359375
2017-02-02,82.28919982910156,30.480247497558594,45.074947357177734,115.83999633789062,196.14688110351562,90.82453155517578,56.94850540161133
2017-02-03,82.3121109008789,30.667091369628906,45.25554275512695,116.12999725341797,197.49893188476562,90.7863540649414,57.25967788696289
2017-02-06,82.54833984375,30.593984603881836,44.93197250366211,117.69999694824219,197.14578247070312,91.33563995361328,57.162879943847656
2017-02-07,82.63216400146484,30.439626693725586,44.886817932128906,117.45999908447266,197.1544189453125,92.00703430175781,56.96231460571289
2017-02-08,82.86840057373047,30.626480102539062,44.962059020996094,118.19000244140625,197.4127960205078,93.25819396972656,57.41183853149414
2017-02-09,82.67030334472656,30.764583587646484,45.15019226074219,117.29000091552734,198.58395385742188,92.18247985839844,57.55012893676758
2017-02-10,82.65503692626953,31.048913955688477,45.25554275512695,117.5999984741211,199.36764526367188,92.12906646728516,57.9581413269043
2017-02-13,82.53306579589844,31.146394729614258,45.43614196777344,116.80000305175781,200.45269775390625,91.83920288085938,57.97888946533203
2017-02-14,82.35018157958984,31.178890228271484,45.3684196472168,116.93000030517578,201.25360107421875,91.17548370361328,57.67462158203125
2017-02-15,82.22064971923828,31.430723190307617,45.54149627685547,117.44999694824219,202.30419921875,90.7558364868164,57.480987548828125
2017-02-16,82.39590454101562,31.317001342773438,45.646854400634766,118.08000183105469,202.13194274902344,91.25178527832031,57.819847106933594
2017-02-17,82.57881927490234,31.1870174407959,45.52644729614258,117.68000030517578,202.4505615234375,91.79339599609375,57.93046188354492
2017-02-21,82.5711898803711,31.528207778930664,45.67694854736328,117.75,203.65621948242188,91.63322448730469,58.67042541503906
2017-02-22,82.62452697753906,31.62570571899414,45.67694854736328,117.91000366210938,203.47537231445312,91.78582763671875,58.47678756713867
2017-02-23,82.76170349121094,31.633811950683594,45.77476119995117,118.94000244140625,203.6132049560547,92.06047058105469,58.781070709228516
2017-02-24,83.0665512084961,31.260129928588867,45.443668365478516,119.69999694824219,203.8715057373047,93.08269500732422,59.05768585205078
2017-02-27,82.91416931152344,31.162647247314453,45.4737663269043,119.12000274658203,204.19012451171875,92.53343963623047,59.368900299072266
2017-02-28,82.89125061035156,30.862071990966797,45.406044006347656,119.2300033569336,203.63894653320312,92.87677001953125,58.96088409423828
2017-03-01,82.50182342529297,31.341367721557617,45.880123138427734,119.05999755859375,206.4894561767578,91.32051086425781,58.781070709228516
2017-03-02,82.34912109375,30.78896141052246,45.57912063598633,117.58000183105469,205.18905639648438,90.99181365966797,58.46295928955078
2017-03-03,82.41019439697266,31.024539947509766,45.85002136230469,117.51000213623047,205.31826782226562,91.22872924804688,58.234745025634766
2017-03-06,82.37197875976562,31.040782928466797,45.70704650878906,116.72000122070312,204.70681762695312,90.79302978515625,57.97196960449219
2017-03-07,82.26509857177734,31.073287963867188,45.54901885986328,115.77999877929688,204.09542846679688,90.51789855957031,57.69534683227539
2017-03-08,82.06656646728516,30.780832290649414,45.38347244262695,115.05999755859375,203.71652221679688,90.02864837646484,56.63037109375
2017-03-09,81.8145980834961,30.537124633789062,45.55654525756836,114.47000122070312,203.97488403320312,89.3101577758789,55.7797737121582
2017-03-10,81.93675231933594,30.878320693969727,45.9403076171875,114.72000122070312,204.68960571289062,89.62356567382812,55.606895446777344
2017-03-13,81.79927825927734,31.308866500854492,46.181114196777344,114.73999786376953,204.79293823242188,89.0579605102539,55.74520492553711
2017-03-14,81.8298110961914,31.130151748657227,45.82744216918945,114.12000274658203,204.00926208496094,89.4859390258789,55.731380462646484
2017-03-15,82.30328369140625,31.942522048950195,46.48212814331055,116.25,205.77468872070312,90.57902526855469,56.85859298706055
2017-03-16,82.21163177490234,32.13749313354492,46.7078742980957,116.7300033569336,205.3699188232422,90.12039947509766,56.74793243408203
2017-03-17,82.38729095458984,32.08063507080078,46.828277587890625,116.98999786376953,205.00929260253906,90.6860122680664,57.01073455810547
2017-03-20,82.50943756103516,32.45431900024414,46.73044967651367,117.51000213623047,204.78440856933594,91.07588195800781,56.96231460571289
2017-03-21,82.67743682861328,32.09687423706055,46.519752502441406,118.54000091552734,202.15505981445312,91.83259582519531,56.71337127685547
2017-03-22,82.79200744628906,32.251224517822266,46.52727508544922,118.83000183105469,202.6307373046875,92.19947052001953,56.682029724121094
2017-03-23,82.81489562988281,32.25935363769531,46.632625579833984,118.66999816894531,202.41452026367188,92.06954193115234,57.099979400634766
2017-03-24,82.74617767333984,32.34059143066406,46.76054382324219,118.86000061035156,202.26751708984375,92.3982925415039,57.03728103637695
2017-03-27,82.94470977783203,32.251224517822266,46.880950927734375,119.52999877929688,202.0599365234375,92.81867980957031,56.521820068359375
2017-03-28,82.75379180908203,32.34059143066406,47.106693267822266,119.04000091552734,203.5302276611328,92.19947052001953,56.765602111816406
2017-03-29,82.93708038330078,32.39744567871094,47.106693267822266,119.33000183105469,203.72052001953125,92.74987030029297,57.08604431152344
2017-03-30,82.78433990478516,32.22684860229492,46.941158294677734,118.47000122070312,204.3692626953125,92.00077056884766,57.19051742553711
2017-03-31,82.84545135498047,31.9993896484375,46.873435974121094,118.72000122070312,203.89352416992188,92.26830291748047,57.5318489074707
2017-04-03,83.15303039550781,32.1781120300293,46.80569839477539,119.3499984741211,203.53892517089844,93.19898223876953,57.699058532714844
2017-04-04,83.07656860351562,32.1943473815918,46.7906494140625,119.62000274658203,203.6686248779297,92.69342803955078,57.699058532714844
2017-04-05,83.16838073730469,32.09687423706055,46.542327880859375,119.62000274658203,203.06320190429688,92.97686004638672,57.78264236450195
2017-04-06,83.16069030761719,32.040000915527344,46.54984664916992,119.18000030517578,203.6340789794922,92.83899688720703,58.08914566040039
2017-04-07,82.97705078125,31.983142852783203,46.519752502441406,119.45999908447266,203.42649841308594,92.46363830566406,58.1727409362793
2017-04-10,83.08416748046875,31.853164672851562,46.46706771850586,119.45999908447266,203.5475616455078,92.892578125,58.534969329833984
2017-04-11,83.3213882446289,31.780057907104492,46.685306549072266,121.19000244140625,203.305419921875,93.77348327636719,58.93898010253906
2017-04-12,83.50506591796875,31.934404373168945,46.64767074584961,122.0199966430664,202.41452026367188,94.28671264648438,58.83449172973633
2017-04-13,83.6121597290039,31.796295166015625,46.3466682434082,122.5999984741211,201.0998992919922,94.57781219482422,58.70216751098633
2017-04-17,83.56625366210938,32.12937927246094,46.632625579833984,122.23999786376953,202.88160705566406,94.28671264648438,59.41269302368164
2017-04-18,83.9029769897461,31.723188400268555,46.42192077636719,122.81999969482422,202.27613830566406,95.5199966430664,59.572898864746094
2017-04-19,83.77285766601562,31.528207778930664,46.23379898071289,121.7300033569336,201.90423583984375,94.99910736083984,59.48929977416992
2017-04-20,83.64274597167969,31.91814613342285,46.60252380371094,121.95999908447266,203.5475616455078,94.63141632080078,59.49626541137695
2017-04-21,83.66571044921875,31.91814613342285,46.632625579833984,122.30999755859375,202.89892578125,94.63141632080078,59.280311584472656
2017-04-24,83.54328155517578,32.37308120727539,47.814048767089844,121.4800033569336,205.13034057617188,94.1641845703125,58.62553024291992
2017-04-25,83.26785278320312,32.65740966796875,48.152679443359375,120.25,206.3238983154297,93.03046417236328,58.869346618652344
2017-04-26,83.37494659423828,32.535552978515625,48.01722717285156,120.83999633789062,206.1942138671875,93.543701171875,58.43048095703125
2017-04-27,83.4515151977539,32.494930267333984,48.06237030029297,120.38999938964844,206.3671875,93.51307678222656,58.277225494384766
2017-04-28,83.59688568115234,32.54368591308594,48.00971221923828,120.7699966430664,205.91737365722656,93.71990966796875,57.67118835449219
2017-05-01,83.3813705444336,32.73052215576172,48.20534896850586,119.66999816894531,206.43634033203125,92.94075012207031,58.01252365112305
2017-05-02,83.49639129638672,32.96611404418945,48.45368194580078,119.6500015258789,206.5142059326172,93.41667938232422,57.914981842041016
2017-05-03,83.41204833984375,32.74677658081055,48.35586166381836,117.9800033569336,206.26336669921875,93.47810363769531,57.14176559448242
2017-05-04,83.3430404663086,32.38120651245117,48.81488037109375,116.79000091552734,206.50555419921875,93.0175552368164,56.863136291503906
2017-05-05,83.35838317871094,32.64928436279297,49.3566780090332,117.01000213623047,207.31857299804688,93.10189819335938,57.399513244628906
2017-05-08,83.19734191894531,32.64117431640625,48.98796081542969,116.75,207.2839813232422,92.59534454345703,56.995506286621094
2017-05-09,83.20498657226562,33.05546951293945,48.8675651550293,116.05000305175781,207.0936737060547,92.58766174316406,56.688995361328125
2017-05-10,83.22801208496094,33.27482223510742,48.94280242919922,116.04000091552734,207.46559143066406,92.48019409179688,57.134803771972656
2017-05-11,83.2203140258789,33.34793472290039,48.82240676879883,116.5,207.0418243408203,92.48019409179688,56.84919357299805
2017-05-12,83.52709197998047,33.48603057861328,49.09329605102539,116.83000183105469,206.69580078125,93.17869567871094,56.619319915771484
2017-05-15,83.49639129638672,33.82723617553711,49.341636657714844,117.13999938964844,207.83753967285156,92.9254150390625,56.7864875793457
2017-05-16,83.60376739501953,33.85973358154297,49.657684326171875,117.6500015258789,207.647216796875,93.27084350585938,56.40339660644531
2017-05-17,84.03323364257812,33.282928466796875,49.09329605102539,119.79000091552734,203.96270751953125,94.62946319580078,56.63325500488281
2017-05-18,83.98719024658203,32.73052215576172,49.17607879638672,118.80999755859375,204.78440856933594,94.73694610595703,56.94673538208008
2017-05-19,83.98719024658203,33.42916488647461,49.747989654541016,119.4000015258789,206.11634826660156,94.95952606201172,57.25323486328125
2017-05-22,83.93352508544922,33.46165466308594,49.808189392089844,119.9000015258789,207.1629180908203,94.69851684570312,57.47614288330078
2017-05-23,83.77247619628906,33.4941520690918,49.81571578979492,119.13999938964844,207.6212921142578,94.0614242553711,57.524898529052734
2017-05-24,83.91815185546875,33.62413787841797,49.8458137512207,119.61000061035156,208.10560607910156,94.59110260009766,57.991634368896484
2017-05-25,83.9565200805664,33.786617279052734,49.8458137512207,119.4800033569336,209.10031127929688,94.62179565429688,57.99858856201172
2017-05-26,83.92583465576172,33.908470153808594,49.70283889770508,120.54000091552734,209.05702209472656,94.78301239013672,57.58063507080078
2017-05-30,84.08692169189453,33.7297477722168,49.65016555786133,120.13999938964844,208.87535095214844,95.25123596191406,57.218379974365234
2017-05-31,84.17119598388672,33.46978759765625,49.710357666015625,120.62000274658203,208.82350158691406,95.48916625976562,57.25323486328125
2017-06-01,84.1328125,33.754112243652344,50.033935546875,120.72000122070312,210.48414611816406,95.49915313720703,57.552764892578125
2017-06-02,84.4094467163086,33.92470932006836,50.58327102661133,121.61000061035156,211.18470764160156,96.62994384765625,58.14488220214844
2017-06-05,84.2788314819336,33.884098052978516,50.304840087890625,121.7300033569336,211.02899169921875,96.02996826171875,57.89409255981445
2017-06-06,84.44788360595703,33.90034103393555,50.161865234375,123.0999984741211,210.35440063476562,96.55298614501953,57.61545181274414
2017-06-07,84.34797668457031,33.85973358154297,50.17691421508789,122.44999694824219,210.74363708496094,96.09149932861328,58.019493103027344
2017-06-08,84.26349639892578,34.06281661987305,50.08660888671875,121.6500015258789,210.84738159179688,95.837646484375,57.88017654418945
2017-06-09,84.19432830810547,33.80286407470703,49.89848327636719,120.54000091552734,210.52737426757812,95.69146728515625,58.28419876098633
2017-06-12,84.19432830810547,33.62413787841797,49.710357666015625,120.36000061035156,210.48414611816406,95.66069030761719,58.80663299560547
2017-06-13,84.21732330322266,33.786617279052734,50.094139099121094,120.4800033569336,211.51341247558594,95.67611694335938,58.93898010253906
2017-06-14,84.48635864257812,33.77848815917969,50.0565071105957,119.81999969482422,211.2452850341797,97.15299987792969,59.022605895996094
2017-06-15,84.43254852294922,33.42916488647461,49.53728485107422,119.31999969482422,210.83876037597656,96.9991683959961,59.32211685180664
2017-06-16,84.48635864257812,33.48603057861328,49.95868682861328,119.33999633789062,210.88485717773438,97.19149017333984,59.16886520385742
2017-06-19,84.37103271484375,33.81909942626953,50.161865234375,118.43000030517578,212.64044189453125,97.0530014038086,59.17582321166992
2017-06-20,84.50164794921875,33.4453125,49.758113861083984,118.18000030517578,211.20640563964844,97.92224884033203,59.03650665283203
2017-06-21,84.51705932617188,33.518775939941406,49.696922302246094,118.5199966430664,211.1542510986328,98.12222290039062,58.9180908203125
2017-06-22,84.55547332763672,33.690155029296875,49.68928909301758,118.91999816894531,211.05865478515625,98.33761596679688,58.97382354736328
2017-06-23,84.57086944580078,33.86970901489258,49.811641693115234,119.43000030517578,211.3106689453125,98.29144287109375,59.17845916748047
2017-06-26,84.64768981933594,34.19617462158203,49.895751953125,118.36000061035156,211.44976806640625,98.66067504882812,59.60041427612305
2017-06-27,84.39411163330078,33.7962532043457,49.888092041015625,118.80999755859375,209.7462615966797,97.60687255859375,59.06593704223633
2017-06-28,84.42483520507812,34.05741500854492,50.323974609375,118.9000015258789,211.62353515625,97.28380584716797,59.20658493041992
2017-06-29,84.26349639892578,33.62486267089844,49.826934814453125,118.31999969482422,209.76368713378906,96.46844482421875,58.531463623046875
2017-06-30,84.1558837890625,33.77993392944336,49.857513427734375,118.0199966430664,210.1547088623047,96.24534606933594,58.531463623046875
2017-07-03,84.00572204589844,33.975799560546875,49.79634475708008,116.08999633789062,210.51104736328125,95.93547821044922,59.27693557739258
2017-07-05,84.05189514160156,33.9105110168457,49.79634475708008,116.5199966430664,210.99783325195312,95.9586181640625,58.4400634765625
2017-07-06,83.89019012451172,33.5024528503418,49.57459259033203,116.47000122070312,209.06832885742188,95.16463470458984,57.342979431152344
2017-07-07,83.85941314697266,33.56772994995117,49.58222961425781,115.27999877929688,210.4241943359375,94.59423828125,57.6664924621582
2017-07-10,83.89788818359375,33.88603591918945,49.70458221435547,115.47000122070312,210.65016174316406,94.73299407958984,57.13904571533203
2017-07-11,83.97490692138672,34.163516998291016,49.81929016113281,115.62000274658203,210.49368286132812,94.89488983154297,57.07573699951172
2017-07-12,84.22904968261719,34.82459259033203,50.2169075012207,116.02999877929688,212.07553100585938,95.55006408691406,57.778987884521484
2017-07-13,84.13658905029297,34.99597930908203,50.36220932006836,115.81999969482422,212.43185424804688,94.9488525390625,57.870426177978516
2017-07-14,84.22136688232422,35.43669509887695,50.71396255493164,116.7699966430664,213.42263793945312,95.0644302368164,58.42597198486328
2017-07-17,84.2598648071289,35.273468017578125,50.614566802978516,117.29000091552734,213.39657592773438,95.32657623291016,58.89717102050781
2017-07-18,84.45236206054688,35.37956237792969,50.66044235229492,118.11000061035156,213.50961303710938,96.1590347290039,58.770565032958984
2017-07-19,84.47541046142578,35.67336654663086,50.8821907043457,118.08000183105469,214.66552734375,96.19754791259766,59.213623046875
2017-07-20,84.49854278564453,35.632564544677734,51.08866500854492,118.23999786376953,214.76112365722656,96.47505187988281,58.93937683105469
2017-07-21,84.6448745727539,35.60807800292969,50.88985061645508,119.26000213623047,214.56991577148438,96.88360595703125,58.89717102050781
2017-07-24,84.56784057617188,35.71418380737305,50.752201080322266,119.30999755859375,214.51780700683594,96.50588989257812,58.78464889526367
2017-07-25,84.26754760742188,35.6244010925293,50.821014404296875,118.91999816894531,215.03919982910156,95.24943542480469,58.86200714111328
2017-07-26,84.4292221069336,35.918212890625,51.13454818725586,119.87999725341797,215.04791259765625,95.40359497070312,59.269893646240234
2017-07-27,84.30602264404297,35.722347259521484,51.019840240478516,119.79000091552734,214.84803771972656,94.93343353271484,59.34023666381836
2017-07-28,84.47541046142578,35.70600509643555,51.0733757019043,120.69000244140625,214.59597778320312,95.4960708618164,59.17845916748047
2017-07-31,84.43695068359375,35.746822357177734,51.18042755126953,120.75,214.47425842285156,95.61172485351562,59.255836486816406
2017-08-01,84.66847229003906,35.8529167175293,51.46335983276367,120.6500015258789,214.9523468017578,96.28303527832031,59.52305603027344
2017-08-02,84.6067123413086,35.885562896728516,51.48629379272461,120.4000015258789,215.0565948486328,96.33707427978516,58.98155212402344
2017-08-03,84.7765121459961,35.73866653442383,51.51689147949219,120.58999633789062,214.63941955566406,97.3335952758789,58.86200714111328
2017-08-04,84.6375961303711,35.86924743652344,51.58570861816406,119.6500015258789,215.03053283691406,96.5070571899414,59.05892562866211
2017-08-07,84.6298599243164,36.11408615112305,51.6086540222168,119.51000213623047,215.43035888671875,96.61519622802734,58.995628356933594
2017-08-08,84.5527114868164,36.122249603271484,51.33335494995117,119.86000061035156,214.900146484375,96.267578125,58.714317321777344
2017-08-09,84.6298599243164,35.79579162597656,51.249244689941406,121.30999755859375,214.89151000976562,96.79283905029297,58.517417907714844
2017-08-10,84.71476745605469,34.9470100402832,50.52279281616211,122.20999908447266,211.85821533203125,97.61943817138672,58.095458984375
2017-08-11,84.78421783447266,35.02862548828125,50.431034088134766,122.79000091552734,212.17112731933594,97.6657943725586,57.73678970336914
2017-08-14,84.74564361572266,35.38772201538086,50.798091888427734,121.91999816894531,214.2743682861328,97.16366577148438,58.70026779174805
2017-08-15,84.62217712402344,35.428524017333984,50.759849548339844,120.9800033569336,214.24832153320312,96.75424194335938,58.52445983886719
2017-08-16,84.7765121459961,35.79579162597656,51.05043029785156,121.87000274658203,214.6220703125,97.1095962524414,58.756534576416016
2017-08-17,84.89994049072266,35.338748931884766,50.47690963745117,122.48999786376953,211.27587890625,97.83570098876953,58.39083480834961
2017-08-18,84.84593963623047,35.64072799682617,50.614566802978516,122.30000305175781,210.94561767578125,97.81256103515625,57.80010223388672
2017-08-21,84.90766906738281,35.77131271362305,50.59926223754883,122.76000213623047,211.11080932617188,98.05197143554688,58.41896438598633
2017-08-22,84.83052062988281,36.17121887207031,50.843955993652344,122.20999908447266,213.318359375,97.67349243164062,58.25019073486328
2017-08-23,85.0234603881836,36.34260940551758,50.85160827636719,122.66999816894531,212.55352783203125,98.33784484863281,58.84794235229492
2017-08-24,84.9153823852539,36.45686340332031,50.73690414428711,122.29000091552734,212.05812072753906,97.97479248046875,58.66509246826172
2017-08-25,84.97716522216797,36.66905975341797,51.04277420043945,122.73999786376953,212.55352783203125,98.35325622558594,58.94638442993164
2017-08-28,85.00800323486328,36.53847122192383,51.04277420043945,124.69000244140625,212.56228637695312,98.29145812988281,58.49633026123047
2017-08-29,85.13150024414062,36.47317886352539,50.83631134033203,124.41999816894531,212.8055877685547,98.60820770263672,58.43303298950195
2017-08-30,85.11603546142578,36.53031539916992,50.767494201660156,124.36000061035156,213.81375122070312,98.57731628417969,58.76355743408203
2017-08-31,85.23178100585938,36.58745193481445,51.15748596191406,125.81999969482422,215.10009765625,98.87088775634766,59.101112365722656
2017-09-01,85.03843688964844,36.85676956176758,51.226295471191406,126.05999755859375,215.40420532226562,98.11456298828125,59.305049896240234
2017-09-05,85.38642120361328,36.375247955322266,50.8821907043457,127.45999908447266,213.8572235107422,99.67047882080078,59.1432991027832
2017-09-06,85.29368591308594,36.611934661865234,51.195709228515625,126.80999755859375,214.58726501464844,99.05896759033203,59.29802703857422
2017-09-07,85.50245666503906,36.88124465942383,51.61629104614258,128.1300048828125,214.56118774414062,100.07295989990234,59.677757263183594
2017-09-08,85.40189361572266,36.63641357421875,51.62394332885742,127.97000122070312,214.3091583251953,99.85628509521484,59.72702407836914
2017-09-11,85.16992950439453,37.126094818115234,52.02922821044922,126.19000244140625,216.59494018554688,98.66413116455078,60.275550842285156
2017-09-12,85.0461654663086,37.08528518676758,52.189796447753906,126.55999755859375,217.3250274658203,98.14557647705078,59.56523513793945
2017-09-13,84.96114349365234,36.88941955566406,51.90687942504883,125.61000061035156,217.4293212890625,97.758544921875,59.41053771972656
2017-09-14,85.0075454711914,36.98734664916992,51.99863052368164,126.16000366210938,217.3598175048828,98.1610107421875,59.90282440185547
2017-09-15,84.99208068847656,37.20771408081055,52.044517517089844,125.52999877929688,217.6524200439453,98.19972229003906,60.01533889770508
2017-09-18,84.95341491699219,37.338287353515625,52.113338470458984,124.36000061035156,218.1153564453125,97.6346435546875,59.69182586669922
2017-09-19,84.9070053100586,37.41990280151367,52.3580436706543,124.62000274658203,218.33364868164062,97.39466857910156,59.29802703857422
2017-09-20,84.83739471435547,37.24851608276367,52.24333572387695,123.62000274658203,218.4122772216797,97.46438598632812,59.13624954223633
2017-09-21,84.82194519042969,37.24851608276367,52.13628005981445,122.68000030517578,217.8270721435547,97.41015625,59.023773193359375
2017-09-22,84.88379669189453,37.03632354736328,52.2968635559082,123.23999786376953,217.8707733154297,97.6888198852539,58.60742950439453
2017-09-25,85.08485412597656,36.407901763916016,51.99863052368164,124.52999877929688,217.4253387451172,98.30033874511719,58.94845199584961
2017-09-26,85.05390167236328,36.309959411621094,51.88393783569336,123.13999938964844,217.55633544921875,98.1223373413086,59.04790496826172
2017-09-27,84.80645751953125,36.179378509521484,51.922176361083984,121.9800033569336,218.40354919433594,96.64383697509766,58.51506805419922
2017-09-28,84.81423950195312,36.15489959716797,52.059818267822266,122.20999908447266,218.66558837890625,96.3573989868164,58.91292953491211
2017-09-29,84.74458312988281,36.57111358642578,52.36569595336914,121.58000183105469,219.4342041015625,96.57417297363281,59.03369903564453
2017-10-02,84.79653930664062,36.579280853271484,52.31980514526367,120.7699966430664,220.3862762451172,96.39735412597656,58.94845199584961
2017-10-03,84.86624908447266,37.158729553222656,52.495689392089844,120.83000183105469,220.8579559326172,96.4903793334961,58.86319351196289
2017-10-04,84.8430404663086,37.15058517456055,52.396278381347656,121.16999816894531,221.11996459960938,96.49815368652344,59.16159439086914
2017-10-05,84.80426788330078,37.42806625366211,52.36569595336914,120.5199966430664,222.43016052246094,96.13362121582031,59.374725341796875
2017-10-06,84.68031311035156,37.240360260009766,52.32743835449219,121.08999633789062,222.17681884765625,95.86212921142578,59.18288803100586
2017-10-09,84.79653930664062,37.21586990356445,52.34274673461914,122.08000183105469,221.80995178222656,96.16465759277344,59.324989318847656
2017-10-10,84.80426788330078,37.583133697509766,52.83979034423828,122.4000015258789,222.39517211914062,96.31975555419922,59.50260925292969
2017-10-11,84.81980895996094,37.754520416259766,52.969783782958984,122.79000091552734,222.74456787109375,96.50591278076172,59.7015495300293
2017-10-12,84.92047882080078,37.73820114135742,52.92390060424805,122.88999938964844,222.4126434326172,96.9170150756836,60.085208892822266
2017-10-13,85.12972259521484,38.08098220825195,53.199195861816406,123.81999969482422,222.6834259033203,97.61506652832031,60.241519927978516
2017-10-16,85.04450225830078,38.056495666503906,53.16095733642578,122.97000122070312,222.9803924560547,97.54528045654297,59.943092346191406
2017-10-17,85.01354217529297,37.860626220703125,53.023311614990234,122.12999725341797,223.1376190185547,97.66935729980469,60.0141716003418
2017-10-18,84.88172149658203,37.95038604736328,53.17625427246094,121.66999816894531,223.35597229003906,97.02556610107422,59.95021438598633
2017-10-19,84.94380950927734,37.61577606201172,53.09214401245117,122.38999938964844,223.41708374023438,97.19622802734375,59.77259826660156
2017-10-20,84.69579315185547,37.754520416259766,53.023311614990234,121.61000061035156,224.57000732421875,96.16465759277344,59.43157196044922
2017-10-23,84.78877258300781,37.45255661010742,52.908626556396484,121.80000305175781,223.69662475585938,96.33526611328125,59.20420455932617
2017-10-24,84.61056518554688,37.45255661010742,52.99272918701172,121.33000183105469,224.0896759033203,95.73804473876953,58.84897232055664
2017-10-25,84.55631256103516,37.370941162109375,52.78627014160156,121.3499984741211,222.9803924560547,95.28038787841797,58.67845153808594
2017-10-26,84.46328735351562,37.11793518066406,52.77861022949219,120.33000183105469,223.26866149902344,94.96234130859375,58.19533920288086
2017-10-27,84.6492691040039,37.65658950805664,52.900962829589844,120.9000015258789,225.09413146972656,95.59064483642578,58.458213806152344
2017-10-30,84.88172149658203,37.41990280151367,53.023311614990234,121.12999725341797,224.25563049316406,96.50591278076172,58.40848159790039
2017-10-31,84.82747650146484,37.77084732055664,53.245079040527344,120.66999816894531,224.60501098632812,96.53694915771484,58.4013671875
2017-11-01,84.86478424072266,37.966705322265625,53.298606872558594,121.11000061035156,224.9019012451172,96.96678924560547,58.68556594848633
2017-11-02,84.91136932373047,38.01568603515625,53.45919418334961,121.19000244140625,224.9892578125,97.3942642211914,59.18288803100586
2017-11-03,84.98907470703125,37.81980895996094,53.37507629394531,120.62000274658203,225.7404327392578,97.65852355957031,59.03369903564453
2017-11-06,85.06671142578125,38.24420928955078,53.45154571533203,121.6500015258789,226.08984375,98.02386474609375,59.43157196044922
2017-11-07,85.08999633789062,37.99936294555664,53.25271224975586,121.20999908447266,225.9326629638672,98.43586730957031,59.91469955444336
2017-11-08,85.03562927246094,38.17890930175781,53.42859649658203,121.62999725341797,226.31690979003906,98.21821594238281,60.21308517456055
2017-11-09,84.97351837158203,37.942237854003906,53.12272644042969,122.12999725341797,225.49591064453125,97.93836975097656,60.277042388916016
2017-11-10,84.63184356689453,37.77901077270508,52.977439880371094,121.12999725341797,225.426025390625,96.4615249633789,60.34099197387695
2017-11-13,84.63184356689453,37.697391510009766,52.755680084228516,121.30999755859375,225.63560485839844,96.66362762451172,60.64647674560547
2017-11-14,84.71721649169922,37.44438934326172,52.71744918823242,121.55999755859375,225.11158752441406,97.31657409667969,60.51861572265625
2017-11-15,84.88035583496094,37.24851608276367,52.46509552001953,121.41000366210938,223.98487854003906,98.3736343383789,59.907588958740234
2017-11-16,84.7871322631836,38.023841857910156,52.88567352294922,121.4000015258789,225.88894653320312,97.51864624023438,60.40493392944336
2017-11-17,84.88035583496094,38.2115592956543,52.69449996948242,122.86000061035156,225.22512817382812,98.24150848388672,60.14204406738281
2017-11-20,84.83373260498047,38.407432556152344,52.8092041015625,121.30999755859375,225.6094207763672,98.2026596069336,59.964420318603516
2017-11-21,84.91915130615234,38.921600341796875,53.20684814453125,121.51000213623047,227.08555603027344,98.5135726928711,60.41202163696289
2017-11-22,85.06671142578125,39.019535064697266,53.35211944580078,122.62999725341797,226.88470458984375,98.83224487304688,60.277042388916016
2017-11-24,85.05113220214844,38.93791198730469,53.78800964355469,122.31999969482422,227.40872192382812,98.56026458740234,60.35518264770508
2017-11-27,85.05113220214844,38.36662673950195,53.46683120727539,122.83000183105469,227.295166015625,98.42032623291016,60.07099533081055
2017-11-28,85.05113220214844,38.65226745605469,53.77269744873047,122.80999755859375,229.60104370117188,98.55248260498047,59.84364700317383
2017-11-29,84.84147644042969,38.04018020629883,53.558597564697266,122.04000091552734,229.46133422851562,97.58084106445312,59.864967346191406
2017-11-30,84.70174407958984,37.623931884765625,53.61212158203125,121.0999984741211,231.47027587890625,97.25436401367188,59.95731735229492
2017-12-01,84.9437484741211,37.411746978759766,53.39801788330078,121.58999633789062,230.9898223876953,98.56678009033203,60.09941864013672
2017-12-04,84.93595123291016,37.485191345214844,53.20684814453125,121.18000030517578,230.71034240722656,98.61351013183594,59.80101776123047
2017-12-05,85.02153015136719,37.460716247558594,53.09214401245117,120.31999969482422,229.8805389404297,99.10419464111328,59.30368423461914
2017-12-06,85.10717010498047,36.95470428466797,52.985076904296875,120.06999969482422,229.92425537109375,99.44690704345703,59.246849060058594
2017-12-07,84.99821472167969,37.06081008911133,53.12272644042969,118.48999786376953,230.64918518066406,98.66803741455078,59.39603805541992
2017-12-08,84.96709442138672,37.49335861206055,53.40565872192383,118.4800033569336,231.90696716308594,98.67584991455078,59.7015495300293
2017-12-11,84.93595123291016,37.681068420410156,53.54329299926758,118.01000213623047,232.60574340820312,98.47329711914062,59.69443893432617
2017-12-12,84.89703369140625,37.42806625366211,53.61212158203125,118.1500015258789,233.0161895751953,98.43435668945312,59.9857292175293
2017-12-13,85.1383056640625,37.8769416809082,53.81858444213867,119.16999816894531,232.99002075195312,99.1742935180664,60.085208892822266
2017-12-14,85.16161346435547,37.59946060180664,53.52036666870117,118.93000030517578,232.03794860839844,99.59489440917969,60.07099533081055
2017-12-15,85.1849594116211,37.681068420410156,53.50506591796875,119.18000030517578,233.97023010253906,99.96874237060547,60.44755935668945
2017-12-18,85.07605743408203,38.1054573059082,54.1397590637207,119.7300033569336,235.45394897460938,99.05744934082031,60.84540939331055
2017-12-19,84.82701873779297,37.90412902832031,53.941158294677734,119.81999969482422,234.54965209960938,97.77230834960938,59.55234146118164
2017-12-20,84.63249206542969,37.95384216308594,53.848419189453125,120.13999938964844,234.42669677734375,96.6896743774414,58.86319351196289
2017-12-21,84.70718383789062,38.202396392822266,54.0416145324707,120.30999755859375,234.9095916748047,97.25322723388672,58.63517761230469
2017-12-22,84.74610900878906,38.5255126953125,54.18071365356445,120.94000244140625,234.84805297851562,97.38590240478516,59.039241790771484
2017-12-26,84.81617736816406,38.492374420166016,54.16526412963867,121.7699966430664,234.56724548339844,97.67471313476562,59.33502960205078
2017-12-27,85.08084869384766,38.591793060302734,54.26573181152344,122.2300033569336,234.68133544921875,98.94692993164062,59.52984619140625
2017-12-28,85.0185546875,38.85691833496094,54.29663848876953,122.8499984741211,235.16419982910156,98.86109924316406,59.84729766845703
2017-12-29,85.10419464111328,39.0391845703125,54.33527755737305,123.6500015258789,234.27745056152344,99.01721954345703,59.86893844604492
2018-01-02,84.9796371459961,39.77655792236328,54.737125396728516,125.1500015258789,235.95436096191406,97.94786834716797,59.64527130126953
2018-01-03,84.98744201660156,40.15766525268555,54.99988555908203,124.81999969482422,237.4467010498047,98.41627502441406,59.47212219238281
2018-01-04,84.93296813964844,40.35651397705078,55.6026611328125,125.45999908447266,238.44747924804688,98.40060424804688,58.447608947753906
2018-01-05,84.87847137451172,40.70448303222656,55.91177749633789,125.33000183105469,240.0365447998047,98.11961364746094,58.476463317871094
2018-01-08,84.85509490966797,40.70448303222656,55.89633560180664,125.30999755859375,240.47557067871094,98.0571517944336,58.77949523925781
2018-01-09,84.62156677246094,40.63820266723633,55.958160400390625,124.7300033569336,241.0198211669922,96.7458724975586,58.021942138671875
2018-01-10,84.62156677246094,40.38136672973633,55.849952697753906,125.02999877929688,240.6510772705078,96.62879943847656,57.37257385253906
2018-01-11,84.66051483154297,40.629913330078125,56.23634719848633,125.44000244140625,242.4068603515625,97.02684783935547,57.17776870727539
2018-01-12,84.64494323730469,41.019317626953125,56.80049514770508,126.95999908447266,243.9871063232422,97.1907958984375,56.716041564941406
2018-01-16,84.66829681396484,40.861900329589844,56.74639129638672,127.16999816894531,243.15313720703125,97.59668731689453,56.824249267578125
2018-01-17,84.57486724853516,41.40043640136719,57.04005432128906,126.13999938964844,245.4707794189453,97.46395111083984,57.221073150634766
2018-01-18,84.38804626464844,41.450138092041016,56.97052001953125,125.86000061035156,245.05813598632812,96.55858612060547,56.48515319824219
2018-01-19,84.208984375,41.789817810058594,57.287357330322266,126.41999816894531,246.17312622070312,96.05120086669922,56.788177490234375
2018-01-22,84.17789459228516,42.030086517333984,57.581016540527344,126.6500015258789,248.17466735839844,96.14488983154297,57.307647705078125
2018-01-23,84.38026428222656,42.22892379760742,57.76649856567383,127.27999877929688,248.70144653320312,96.55858612060547,58.10127258300781
2018-01-24,84.29464721679688,42.5851936340332,57.86696243286133,128.8300018310547,248.60487365722656,96.03559112548828,57.79825973510742
2018-01-25,84.51258850097656,42.560340881347656,57.6428337097168,127.97000122070312,248.7102508544922,96.8239517211914,57.69725799560547
2018-01-26,84.35689544677734,43.14856719970703,58.15287780761719,128.07000732421875,251.5897674560547,96.46492004394531,57.49525451660156
2018-01-29,84.208984375,42.494056701660156,57.61966323852539,127.3499984741211,249.92178344726562,95.79365539550781,56.72324752807617
2018-01-30,84.07672119140625,41.914100646972656,57.140525817871094,126.80000305175781,247.35824584960938,95.23165893554688,56.312007904052734
2018-01-31,84.146728515625,42.27863311767578,57.06324768066406,127.6500015258789,247.48104858398438,95.79365539550781,57.32209014892578
2018-02-01,83.88306427001953,41.70697784423828,57.22554016113281,128.07000732421875,247.20022583007812,94.40531158447266,56.088356018066406
2018-02-02,83.63340759277344,40.63820266723633,56.06633377075195,126.38999938964844,241.81874084472656,93.52928161621094,55.6121711730957
2018-02-05,83.9688720703125,39.213172912597656,53.717041015625,126.70999908447266,231.7052764892578,94.41319274902344,53.959964752197266
2018-02-06,83.72699737548828,40.48906326293945,54.77577590942383,125.37999725341797,236.27035522460938,93.82653045654297,53.9671745300293
2018-02-07,83.53977966308594,39.213172912597656,54.1961669921875,124.79000091552734,234.98863220214844,92.93484497070312,53.7363166809082
2018-02-08,83.39934539794922,37.85441970825195,52.781959533691406,124.9800033569336,226.1744842529297,92.83325958251953,52.192325592041016
2018-02-09,83.29014587402344,38.459228515625,53.00606155395508,124.7699966430664,229.57186889648438,92.2466049194336,53.49821853637695
2018-02-12,83.31356811523438,39.06404113769531,53.8174934387207,125.37000274658203,232.94308471679688,92.65331268310547,53.51985168457031
2018-02-13,83.33692932128906,39.362308502197266,53.65522003173828,126.08000183105469,233.52249145507812,93.06783294677734,53.8950080871582
2018-02-14,83.05606079101562,40.34822082519531,54.60575485229492,128.22999572753906,236.67413330078125,92.0354995727539,53.505435943603516
2018-02-15,83.15750122070312,41.176734924316406,54.94578170776367,128.3800048828125,239.6941680908203,92.3482894897461,54.024898529052734
2018-02-16,83.3213119506836,41.04417419433594,55.193077087402344,127.95999908447266,239.764404296875,92.84886932373047,54.32072448730469
2018-02-20,83.23551940917969,40.48078155517578,54.6753044128418,126.23999786376953,238.2631378173828,92.442138671875,53.67858123779297
2018-02-21,82.97026062011719,40.44764709472656,54.41256332397461,125.66000366210938,237.07794189453125,91.30803680419922,52.61799240112305
2018-02-22,82.9780502319336,40.47249984741211,54.69850158691406,126.30000305175781,237.38531494140625,91.5817642211914,53.216827392578125
2018-02-23,83.18870544433594,41.19330596923828,55.131256103515625,126.13999938964844,241.16903686523438,92.39520263671875,54.06819152832031
2018-02-26,83.25112915039062,41.57441711425781,55.64902114868164,126.44999694824219,243.96957397460938,92.42648315429688,54.219688415527344
2018-02-27,83.0716781616211,40.36479949951172,54.82213592529297,125.12999725341797,240.92324829101562,92.29353332519531,52.95709228515625
2018-02-28,83.29792022705078,39.78484344482422,54.30436706542969,125.0,238.48265075683594,92.88016510009766,52.921016693115234
2018-03-01,83.37218475341797,39.710269927978516,53.39246368408203,124.72000122070312,235.01498413085938,93.51422882080078,52.971527099609375
2018-03-02,83.23930358886719,39.875972747802734,53.647491455078125,125.38999938964844,236.22642517089844,92.75399780273438,52.94988250732422
2018-03-05,83.19241333007812,39.9339714050293,53.93343734741211,125.18000030517578,238.9567413330078,92.50316619873047,53.54871368408203
2018-03-06,83.20802307128906,40.30680465698242,54.25025939941406,126.52999877929688,239.5624542236328,92.58937072753906,53.801246643066406
2018-03-07,83.19241333007812,40.34822082519531,54.234806060791016,125.72000122070312,239.4746856689453,92.48746490478516,54.13312530517578
2018-03-08,83.32527923583984,40.35651397705078,54.350738525390625,125.41999816894531,240.63356018066406,93.02045440673828,54.234130859375
2018-03-09,83.16893005371094,41.218162536621094,54.69850158691406,125.54000091552734,244.82118225097656,92.40913391113281,54.529937744140625
2018-03-12,83.2158203125,41.317569732666016,54.760311126708984,125.54000091552734,244.51388549804688,92.94207763671875,54.76803207397461
2018-03-13,83.32527923583984,40.944740295410156,54.397098541259766,125.77999877929688,242.93359375,93.41231536865234,54.81853103637695
2018-03-14,83.46603393554688,41.01103210449219,54.52846908569336,125.69999694824219,241.68704223632812,94.23519134521484,54.869041442871094
2018-03-15,83.47386932373047,40.861900329589844,54.4975700378418,124.9000015258789,241.42364501953125,94.23519134521484,54.85460662841797
2018-03-16,83.42695617675781,40.7707633972168,54.458927154541016,124.5999984741211,241.68545532226562,93.89822387695312,55.236995697021484
2018-03-19,83.34093475341797,40.33165740966797,54.018428802490234,124.87000274658203,238.4154052734375,93.60041809082031,54.76082229614258
2018-03-20,83.20802307128906,40.779048919677734,54.01069641113281,124.30999755859375,238.82083129882812,93.22421264648438,54.57322692871094
2018-03-21,83.20018005371094,41.019317626953125,54.095699310302734,126.4800033569336,238.36244201660156,93.32611083984375,54.169212341308594
2018-03-22,83.35661315917969,39.652278900146484,53.091064453125,125.9800033569336,232.4040985107422,94.25084686279297,53.85173034667969
2018-03-23,83.35661315917969,38.8486328125,52.503746032714844,127.61000061035156,227.45046997070312,94.18033599853516,52.89216232299805
2018-03-26,83.32527923583984,40.10795593261719,53.44655990600586,128.27999877929688,233.67332458496094,93.81983947753906,53.493927001953125
2018-03-27,83.56765747070312,39.378868103027344,53.05243682861328,127.48999786376953,229.69813537597656,94.82301330566406,53.69788360595703
2018-03-28,83.61461639404297,39.18003463745117,53.36155700683594,125.7300033569336,229.01939392089844,95.07381439208984,55.04560852050781
2018-03-29,83.85698699951172,40.000247955322266,53.848419189453125,125.79000091552734,231.94573974609375,95.53616333007812,54.98006057739258
2018-04-02,83.77310943603516,39.279449462890625,53.10653305053711,127.26000213623047,226.93923950195312,95.72472381591797,54.23697280883789
2018-04-03,83.67906951904297,39.66884994506836,53.44655990600586,126.30000305175781,229.84791564941406,94.98637390136719,54.6959342956543
2018-04-04,83.71041107177734,39.685428619384766,53.63203048706055,126.44999694824219,232.3070831298828,94.79003143310547,55.27143859863281
2018-04-05,83.59286499023438,39.78484344482422,53.987525939941406,125.80000305175781,234.14047241210938,94.08321380615234,55.249595642089844
2018-04-06,83.7809829711914,39.006046295166016,53.63203048706055,126.38999938964844,228.9224395751953,95.11207580566406,54.8343391418457
2018-04-09,83.85152435302734,39.0474739074707,54.07252502441406,126.81999969482422,230.05068969726562,95.26915740966797,54.659507751464844
2018-04-10,83.78884887695312,39.8096923828125,54.65211868286133,127.12000274658203,233.70855712890625,95.09634399414062,54.601234436035156
2018-04-11,83.85932159423828,39.82627487182617,54.44345474243164,128.11000061035156,232.48341369628906,95.43408203125,54.71778869628906
2018-04-12,83.67121887207031,39.8096923828125,54.65211868286133,126.62000274658203,234.3960418701172,94.73507690429688,54.1058464050293
2018-04-13,83.69475555419922,39.41201400756836,54.706214904785156,127.44999694824219,233.70855712890625,94.95500183105469,54.389976501464844
2018-04-16,83.71041107177734,39.46172332763672,54.79122543334961,127.62999725341797,235.63003540039062,94.98637390136719,54.72509765625
2018-04-17,83.7339096069336,39.54457473754883,55.038516998291016,127.75,238.1509246826172,95.24560546875,55.366153717041016
2018-04-18,83.49881744384766,39.88425064086914,55.32445526123047,127.8499984741211,238.3272247314453,94.48371887207031,55.249595642089844
2018-04-19,83.29509735107422,39.652278900146484,55.11579513549805,127.5999984741211,237.00511169433594,93.71408081054688,54.4482307434082
2018-04-20,83.06780242919922,39.155174255371094,54.90715026855469,126.62999725341797,234.9954071044922,93.03863525390625,53.945579528808594
2018-04-23,83.02864074707031,38.84034729003906,54.83758544921875,125.62000274658203,234.9601593017578,93.06214904785156,53.901851654052734
2018-04-24,82.91893768310547,38.65807342529297,54.61347579956055,126.2300033569336,231.79586791992188,92.6380386352539,54.1058464050293
2018-04-25,82.8092041015625,38.35980987548828,54.520748138427734,125.41000366210938,232.3688201904297,92.01758575439453,54.00384521484375
2018-04-26,82.95027923583984,38.914913177490234,54.79122543334961,124.97000122070312,234.73104858398438,92.66161346435547,54.71051025390625
2018-04-27,83.05216979980469,39.155174255371094,54.8453254699707,125.5,234.95132446289062,93.3763656616211,55.65027618408203
2018-04-30,83.06780242919922,38.87348175048828,54.667579650878906,124.58999633789062,233.14454650878906,93.54126739501953,55.43172836303711
2018-05-01,82.99710845947266,38.682926177978516,54.47437286376953,123.70999908447266,233.5587158203125,93.20436096191406,55.93438720703125
2018-05-02,82.99710845947266,38.37637710571289,54.451194763183594,123.6500015258789,231.98985290527344,93.10203552246094,55.73039627075195
2018-05-03,83.09138488769531,38.29353332519531,54.62120819091797,124.27999877929688,231.4785919189453,93.51921081542969,55.693992614746094
2018-05-04,83.14639282226562,38.46751403808594,54.814422607421875,124.54000091552734,234.47540283203125,93.66091918945312,56.305931091308594
2018-05-07,83.10709381103516,38.24382781982422,54.82213592529297,124.56999969482422,235.26869201660156,93.51134490966797,56.68474578857422
2018-05-08,83.01285552978516,38.459228515625,54.82986068725586,124.58999633789062,235.26869201660156,93.42478942871094,56.400630950927734
2018-05-09,82.91861724853516,38.53379440307617,54.96124267578125,124.33000183105469,237.5427703857422,92.86588287353516,56.77945327758789
2018-05-10,83.10709381103516,39.33744812011719,55.31672286987305,125.18000030517578,239.763916015625,93.61370086669922,57.223854064941406
2018-05-11,83.14639282226562,39.27117156982422,55.463558197021484,125.0,240.49554443359375,93.84986877441406,57.02714157104492
2018-05-14,83.06782531738281,39.32087707519531,55.56401443481445,124.48999786376953,240.61013793945312,93.35392761230469,56.539039611816406
2018-05-15,82.6987075805664,38.508941650390625,55.16217041015625,122.4800033569336,238.95301818847656,92.29124450683594,55.62112808227539
2018-05-16,82.60440063476562,39.08890151977539,55.239444732666016,122.29000091552734,239.95779418945312,91.93710327148438,55.453575134277344
2018-05-17,82.49444580078125,38.492374420166016,55.32445526123047,122.36000061035156,239.75514221191406,91.47270965576172,55.17675018310547
2018-05-18,82.70653533935547,38.16925811767578,55.123531341552734,122.41000366210938,239.15576171875,92.25983428955078,55.249595642089844
2018-05-21,82.71437072753906,38.40122985839844,55.47127914428711,122.4800033569336,240.9537811279297,92.30701446533203,55.90524673461914
2018-05-22,82.71437072753906,38.53379440307617,55.4017333984375,122.41000366210938,240.283935546875,92.16532897949219,55.98540496826172
2018-05-23,82.9421615600586,38.51723098754883,54.79122543334961,122.54000091552734,240.94500732421875,92.83441925048828,56.54631042480469
2018-05-24,83.16993713378906,38.31010055541992,54.62120819091797,123.58999633789062,240.45140075683594,93.57432556152344,56.42976760864258
2018-05-25,83.35060119628906,38.46751403808594,54.26573181152344,123.20999908447266,239.87857055664062,94.15682983398438,56.62644958496094
2018-05-29,83.90038299560547,37.572731018066406,53.160621643066406,123.19000244140625,237.11965942382812,96.21910095214844,56.89601516723633
2018-05-30,83.68832397460938,37.870994567871094,53.97206115722656,123.37000274658203,240.283935546875,95.57367706298828,57.668235778808594
2018-05-31,83.61767578125,37.85441970825195,53.63203048706055,123.0999984741211,238.81198120117188,95.41625213623047,57.471534729003906
2018-06-01,83.51448822021484,38.384666442871094,54.095699310302734,122.48999786376953,241.15660095214844,94.91204833984375,57.72650146484375
2018-06-04,83.31767272949219,38.77405548095703,54.257999420166016,122.37000274658203,242.30245971679688,94.22569274902344,58.22916030883789
2018-06-05,83.38069152832031,38.475799560546875,54.1729850769043,122.8499984741211,242.47869873046875,94.44658660888672,58.07617950439453
2018-06-06,83.19168090820312,39.05575942993164,54.65985107421875,122.91999816894531,244.5059356689453,93.68128204345703,58.214622497558594
2018-06-07,83.37279510498047,38.459228515625,54.350738525390625,122.86000061035156,244.47952270507812,94.58858489990234,58.214622497558594
2018-06-08,83.25471496582031,38.384666442871094,54.41256332397461,123.01000213623047,245.20228576660156,94.3045654296875,58.425865173339844
2018-06-11,83.1681137084961,38.384666442871094,54.760311126708984,123.2300033569336,245.5283660888672,94.13101196289062,58.338443756103516
2018-06-12,83.19168090820312,38.28524398803711,54.41256332397461,122.81999969482422,245.84576416015625,94.15467834472656,58.688114166259766
2018-06-13,83.11298370361328,38.02840805053711,54.489830017089844,123.19000244140625,245.061279296875,94.10733795166016,57.54437255859375
2018-06-14,83.32553100585938,37.771575927734375,54.3739128112793,123.37999725341797,245.6782684326172,94.88839721679688,58.09075164794922
2018-06-15,83.35704040527344,37.47330856323242,54.095699310302734,121.33999633789062,245.3648681640625,94.97516632080078,58.054325103759766
2018-06-18,83.37279510498047,37.01763153076172,53.70931625366211,121.11000061035156,244.8601531982422,94.88839721679688,58.07050704956055
2018-06-19,83.45936584472656,36.609012603759766,53.2159309387207,120.80000305175781,243.9216766357422,95.440673828125,58.011688232421875
2018-06-20,83.30193328857422,36.7674560546875,53.255340576171875,120.26000213623047,244.3377685546875,94.6043701171875,58.658714294433594
2018-06-21,83.32553100585938,36.25042724609375,52.87702560424805,120.05000305175781,242.80616760253906,95.1014633178711,58.938133239746094
2018-06-22,83.40428924560547,36.62568664550781,53.436614990234375,120.33999633789062,243.24874877929688,95.09353637695312,59.40130615234375
2018-06-25,83.35704040527344,36.13368225097656,52.69575500488281,119.88999938964844,239.93746948242188,95.30655670166016,59.2469367980957
2018-06-26,83.49087524414062,35.991912841796875,52.79033660888672,119.26000213623047,240.46865844726562,95.440673828125,59.43806457519531
2018-06-27,83.64045715332031,35.299766540527344,52.293792724609375,118.58000183105469,238.47657775878906,96.34005737304688,59.21013259887695
2018-06-28,83.63261413574219,35.5999641418457,52.49082946777344,118.22000122070312,239.840087890625,96.36375427246094,59.73953628540039
2018-06-29,83.70346069335938,36.13368225097656,52.782440185546875,118.6500015258789,240.18536376953125,96.03240203857422,59.88657760620117
2018-07-02,83.62379455566406,35.77509307861328,52.30167007446289,117.45999908447266,240.69883728027344,95.95726776123047,59.555721282958984
2018-07-03,83.79734802246094,35.80010986328125,52.45930480957031,118.6500015258789,239.84889221191406,96.47125244140625,60.00422668457031
2018-07-05,83.87621307373047,35.7083854675293,52.979488372802734,119.05000305175781,241.80560302734375,96.74803161621094,60.71742248535156
2018-07-06,83.9630355834961,36.20038986206055,53.26322555541992,118.86000061035156,243.85086059570312,97.06432342529297,61.04093933105469
2018-07-09,83.8841552734375,36.85084533691406,53.775516510009766,119.1500015258789,246.04660034179688,96.43962097167969,60.555667877197266
2018-07-10,83.82100677490234,36.7674560546875,53.75187683105469,118.93000030517578,246.9319610595703,96.43175506591797,60.6806526184082
2018-07-11,83.85256958007812,36.050289154052734,52.8533821105957,117.63999938964844,245.1257781982422,96.80337524414062,60.482154846191406
2018-07-12,83.95513916015625,36.542301177978516,53.26322555541992,118.12999725341797,247.3480224609375,96.79544830322266,60.66596603393555
2018-07-13,84.03401184082031,36.56731414794922,53.42873764038086,117.61000061035156,247.5428924560547,97.0406265258789,60.482154846191406
2018-07-16,83.93936157226562,36.367183685302734,53.405086517333984,117.55000305175781,247.32151794433594,96.6373291015625,60.15863037109375
2018-07-17,83.90779113769531,36.63402557373047,53.49966812133789,116.27999877929688,248.3219757080078,96.45545196533203,59.761600494384766
2018-07-18,83.8841552734375,36.59233856201172,53.507545471191406,116.30999755859375,248.8443145751953,96.06800842285156,59.49690246582031
2018-07-19,84.01036071777344,36.14202117919922,53.39720153808594,115.80999755859375,247.90582275390625,96.67687225341797,60.195396423339844
2018-07-20,83.84465789794922,36.6590461730957,53.6494140625,116.55999755859375,247.62257385253906,95.49078369140625,59.61455535888672
2018-07-23,83.55280303955078,36.417213439941406,53.6494140625,116.0,248.08291625976562,94.31250762939453,59.48954772949219
2018-07-24,83.67106628417969,36.95092010498047,53.964664459228516,116.04000091552734,249.33131408691406,94.6367416381836,59.188079833984375
2018-07-25,83.67903900146484,37.551334381103516,54.36662292480469,116.68000030517578,251.45631408691406,94.48648071289062,59.65867614746094
2018-07-26,83.63162994384766,37.1343879699707,54.12229919433594,115.7699966430664,250.86306762695312,94.30460357666016,59.85717010498047
2018-07-27,83.69475555419922,37.26780319213867,54.22475814819336,115.83000183105469,249.16310119628906,94.46275329589844,59.21751022338867
2018-07-30,83.60797882080078,37.209434509277344,54.21687698364258,115.6500015258789,247.8616485595703,94.13854217529297,59.2542610168457
2018-07-31,83.67903900146484,37.40958023071289,54.28780746459961,115.98999786376953,249.08340454101562,94.65252685546875,60.246864318847656
2018-08-01,83.59275817871094,37.07600784301758,54.011959075927734,115.13999938964844,248.66734313964844,93.8814468383789,60.67330551147461
2018-08-02,83.6244125366211,36.5839958190918,53.65729522705078,114.5199966430664,250.02191162109375,94.0161361694336,60.43067932128906
2018-08-03,83.80631256103516,36.86752700805664,53.68881607055664,114.91999816894531,251.0932159423828,94.48371124267578,61.08505630493164
2018-08-06,83.86167907714844,36.5839958190918,53.460262298583984,114.33000183105469,252.01400756835938,94.53922271728516,61.00418472290039
2018-08-07,83.71141815185547,36.959259033203125,53.87797164916992,114.58999633789062,252.8463134765625,94.0478286743164,60.893898010253906
2018-08-08,83.71141815185547,36.909217834472656,53.8306884765625,114.91000366210938,252.74012756347656,94.1429214477539,60.54095458984375
2018-08-09,83.83003234863281,36.80081558227539,53.673057556152344,114.73999786376953,252.39483642578125,94.93547058105469,60.57036209106445
2018-08-10,84.01193237304688,36.016929626464844,52.60116958618164,114.69000244140625,250.7036895751953,95.62496948242188,60.10714340209961
2018-08-13,84.05938720703125,35.424842834472656,52.41201400756836,112.95999908447266,249.76519775390625,95.42686462402344,59.98952865600586
2018-08-14,83.98030090332031,35.64167785644531,52.40412902832031,113.06999969482422,251.35891723632812,95.21292114257812,60.28361511230469
2018-08-15,84.09892272949219,34.61595153808594,51.64751052856445,111.19000244140625,249.48187255859375,95.76762390136719,60.74685287475586
2018-08-16,84.1463851928711,34.832767486572266,52.01005554199219,111.0999984741211,251.5005645751953,95.75969696044922,61.239463806152344
2018-08-17,84.19383239746094,35.19968795776367,52.31743621826172,112.12999725341797,252.3859100341797,95.87855529785156,61.80561447143555
2018-08-20,84.35987854003906,35.35813903808594,52.60116958618164,112.69000244140625,252.9258575439453,96.5205307006836,61.8497314453125
2018-08-21,84.28870391845703,35.80845260620117,52.924312591552734,113.0199966430664,253.51919555664062,96.195556640625,61.474727630615234
2018-08-22,84.35987854003906,36.09197998046875,53.12923812866211,113.2699966430664,253.36862182617188,96.57594299316406,61.12916564941406
2018-08-23,84.31246185302734,35.508243560791016,52.75092697143555,112.19999694824219,253.03211975097656,96.7265396118164,60.97476577758789
2018-08-24,84.40740966796875,36.16703414916992,53.05829620361328,114.16000366210938,254.55511474609375,96.91678619384766,61.33502960205078
2018-08-27,84.296630859375,36.684059143066406,53.767635345458984,114.58999633789062,256.56488037109375,96.36199188232422,61.11446762084961
2018-08-28,84.13847351074219,36.55064010620117,53.72035217285156,113.68000030517578,256.6888122558594,95.78347778320312,61.93796157836914
2018-08-29,84.12266540527344,36.775794982910156,54.011959075927734,114.19999694824219,258.07000732421875,95.91026306152344,61.95265579223633
2018-08-30,84.16219329833984,35.81678771972656,53.49966812133789,113.63999938964844,257.0252380371094,96.1163101196289,61.55561828613281
2018-08-31,84.1543197631836,36.00025939941406,53.07405471801758,113.51000213623047,257.0341491699219,95.89443969726562,61.798274993896484
2018-09-04,84.06080627441406,35.299766540527344,52.624820709228516,112.93000030517578,256.59149169921875,95.33999633789062,61.06299591064453
2018-09-05,84.0211181640625,34.79106903076172,52.144046783447266,113.31999969482422,255.9008331298828,95.08582305908203,61.41590881347656
2018-09-06,84.16380310058594,34.82442092895508,51.986412048339844,113.54000091552734,255.13059997558594,95.43534088134766,61.592369079589844
2018-09-07,83.86264038085938,34.6493034362793,51.56869888305664,113.2300033569336,254.6348114013672,94.6250991821289,60.92331314086914
2018-09-10,83.9419174194336,34.30739974975586,51.88395309448242,113.1500015258789,255.0774383544922,94.97460174560547,61.1953239440918
2018-09-11,83.7991943359375,34.382450103759766,51.931243896484375,113.22000122070312,255.91854858398438,94.25179290771484,61.18800735473633
2018-09-12,83.85469055175781,34.55757522583008,52.15193176269531,114.16999816894531,255.98048400878906,94.4742202758789,61.2174072265625
2018-09-13,83.91019439697266,35.024566650390625,52.538124084472656,113.76000213623047,257.4945068359375,94.6172103881836,61.51886749267578
2018-09-14,83.75163269042969,34.9912109375,52.6169319152832,113.0199966430664,257.538818359375,94.16446685791016,61.12916564941406
2018-09-17,83.75163269042969,34.674320220947266,52.664215087890625,113.61000061035156,256.1752624511719,94.16446685791016,61.327693939208984
2018-09-18,83.56937408447266,35.00789260864258,53.2159309387207,113.44000244140625,257.5654296875,93.17952728271484,61.03357696533203
2018-09-19,83.4108657836914,35.49155807495117,53.405086517333984,113.87999725341797,257.8397521972656,92.62348175048828,60.32038497924805
2018-09-20,83.5218276977539,35.883506774902344,54.0671272277832,114.2699966430664,259.9293212890625,93.05238342285156,60.886531829833984
2018-09-21,83.585205078125,36.050289154052734,54.09077072143555,113.48999786376953,259.6917724609375,93.01263427734375,60.86448669433594
2018-09-24,83.50596618652344,35.64167785644531,53.8464469909668,113.47000122070312,258.8291015625,92.77437591552734,59.77146911621094
2018-09-25,83.46631622314453,35.783424377441406,54.114418029785156,113.6500015258789,258.5890197753906,92.67909240722656,59.77893829345703
2018-09-26,83.66445922851562,35.85848617553711,54.1380729675293,113.05000305175781,257.81512451171875,93.3304214477539,59.063209533691406
2018-09-27,83.71991729736328,36.03360366821289,54.0277214050293,112.05000305175781,258.5357360839844,93.39395904541016,59.34650802612305
2018-09-28,83.63278198242188,35.79177474975586,53.58634948730469,112.76000213623047,258.5623474121094,93.147705078125,60.151710510253906
2018-10-01,83.61051940917969,35.80010986328125,53.6494140625,112.56999969482422,259.4605712890625,92.46392059326172,59.59254455566406
2018-10-02,83.70582580566406,35.34980010986328,53.37355422973633,113.87000274658203,259.3093566894531,93.02910614013672,59.45835494995117
2018-10-03,83.30862426757812,35.057926177978516,53.27898406982422,113.41999816894531,259.4517822265625,91.41309356689453,58.82463455200195
2018-10-04,83.07028198242188,34.182315826416016,52.65634536743164,113.4800033569336,257.42388916015625,90.76829528808594,58.33254623413086
2018-10-05,82.88760375976562,34.05721664428711,52.34108352661133,113.80000305175781,255.9831085205078,89.98810577392578,58.30272674560547
2018-10-08,82.85576629638672,34.10725402832031,52.0888786315918,112.54000091552734,255.9831085205078,89.68560791015625,59.14521408081055
2018-10-09,82.97498321533203,33.982173919677734,51.95489501953125,112.5999984741211,255.609619140625,90.59312438964844,59.227237701416016
2018-10-10,82.95112609863281,32.97312545776367,50.851470947265625,112.87999725341797,247.51609802246094,90.3463134765625,58.347476959228516
2018-10-11,83.1973876953125,32.63956069946289,50.14213943481445,115.77999877929688,242.06417846679688,91.4449462890625,56.67741775512695
2018-10-12,83.22122192382812,33.598567962646484,50.32341003417969,115.2300033569336,245.42611694335938,91.12650299072266,56.52830123901367
2018-10-15,83.16561889648438,33.239986419677734,50.205196380615234,116.0,244.04757690429688,91.08667755126953,56.908531188964844
2018-10-16,83.21328735351562,34.07389831542969,51.06427764892578,115.80000305175781,249.3838348388672,91.29367065429688,58.079071044921875
2018-10-17,83.04645538330078,33.656944274902344,50.772666931152344,115.79000091552734,249.42825317382812,90.75234985351562,57.85541534423828
2018-10-18,82.9908218383789,32.77298355102539,49.952980041503906,115.91999816894531,245.82630920410156,90.72051239013672,57.74357604980469
2018-10-19,82.91934967041016,33.08153533935547,50.236717224121094,116.01000213623047,245.69287109375,90.52149200439453,58.24308395385742
2018-10-22,82.9034423828125,33.440120697021484,50.01603317260742,115.70999908447266,244.59007263183594,90.40202331542969,57.4304313659668
2018-10-23,83.00674438476562,33.07320022583008,49.54315185546875,116.38999938964844,243.3449249267578,90.68863677978516,57.68391418457031
2018-10-24,83.22122192382812,32.00578308105469,48.14024353027344,116.66000366210938,235.971923828125,91.37327575683594,58.228187561035156
2018-10-25,83.14974975585938,32.622886657714844,48.74711608886719,116.4000015258789,240.20535278320312,90.99116516113281,58.97373580932617
2018-10-26,83.34042358398438,32.24762725830078,48.41608810424805,116.7699966430664,235.9808349609375,91.54045867919922,57.55717468261719
2018-10-29,83.25302124023438,31.688892364501953,48.28211212158203,116.30999755859375,234.67333984375,91.3334732055664,58.287818908691406
2018-10-30,83.13386535644531,32.305992126464844,48.86533737182617,115.80000305175781,238.15086364746094,90.87972259521484,59.08555221557617
2018-10-31,83.0941390991211,32.65624237060547,49.22789001464844,115.1500015258789,240.69447326660156,90.41797637939453,58.3922004699707
2018-11-01,83.30409240722656,33.8237190246582,49.8584098815918,116.62999725341797,243.25596618652344,90.50177001953125,58.66806411743164
2018-11-02,83.05659484863281,34.04054641723633,49.929344177246094,116.6500015258789,241.81527709960938,89.37661743164062,58.18345260620117
2018-11-05,83.11246490478516,34.13227081298828,49.929344177246094,116.37000274658203,243.14923095703125,89.72772979736328,59.04829025268555
2018-11-06,83.1204605102539,34.07389831542969,50.13426208496094,116.04000091552734,244.68780517578125,89.67188262939453,59.34650802612305
2018-11-07,83.19233703613281,34.716007232666016,50.80419158935547,116.02999877929688,249.9263916015625,89.79154205322266,60.0548095703125
2018-11-08,83.04063415527344,33.81538391113281,50.30765914916992,115.77999877929688,249.47268676757812,89.78358459472656,60.09953689575195
2018-11-09,83.14440155029297,33.18994140625,49.97663116455078,114.4800033569336,247.03590393066406,90.45390319824219,60.09205627441406
2018-11-12,83.28009796142578,32.72295379638672,49.156951904296875,113.66000366210938,242.41995239257812,91.04442596435547,60.211387634277344
2018-11-13,83.31208038330078,33.09821319580078,49.369754791259766,113.69999694824219,241.9663848876953,90.98859405517578,60.151710510253906
2018-11-14,83.32007598876953,33.29835891723633,49.409156799316406,114.63999938964844,240.31211853027344,91.04442596435547,60.00263977050781
2018-11-15,83.42382049560547,34.04054641723633,49.56679916381836,114.7699966430664,242.8201904296875,91.00452423095703,59.59254455566406
2018-11-16,83.55960083007812,34.10725402832031,49.6219596862793,115.62000274658203,243.45166015625,91.53120422363281,60.23373794555664
2018-11-19,83.55158996582031,33.648597717285156,49.1884765625,115.66999816894531,239.3338165283203,91.78652954101562,60.31575393676758
2018-11-20,83.51964569091797,32.923095703125,48.337284088134766,115.66999816894531,234.90464782714844,91.8184585571289,59.696929931640625
2018-11-21,83.57555389404297,33.5318489074707,49.01509475708008,115.86000061035156,235.70509338378906,91.78652954101562,59.749114990234375
2018-11-23,83.55158996582031,33.13991165161133,48.69194030761719,115.7699966430664,234.13087463378906,91.8823013305664,59.62982177734375
2018-11-26,83.53561401367188,33.54853057861328,49.424922943115234,115.63999938964844,237.9107666015625,91.67483520507812,59.74166488647461
2018-11-27,83.55960083007812,33.78202819824219,49.23577117919922,114.94999694824219,238.71121215820312,91.77860260009766,59.995155334472656
2018-11-28,83.7192611694336,34.59093475341797,49.93722152709961,115.37999725341797,244.20765686035156,91.33171081542969,60.5319709777832
2018-11-29,83.7591552734375,34.29071807861328,49.68501281738281,115.73999786376953,243.67404174804688,91.69084167480469,60.54686737060547
2018-11-30,83.73522186279297,34.257362365722656,49.47221755981445,115.54000091552734,245.15919494628906,92.0339584350586,61.120948791503906
2018-12-03,83.87208557128906,34.94951629638672,50.12637710571289,116.41000366210938,248.40545654296875,92.68743133544922,61.44898986816406
2018-12-04,84.0961685180664,34.20732498168945,48.82593536376953,117.12000274658203,240.35653686523438,94.2391586303711,60.539405822753906
2018-12-06,84.30426788330078,33.89044189453125,48.36880111694336,117.13999938964844,239.99192810058594,94.53512573242188,62.037986755371094
2018-12-07,84.4162826538086,33.25666046142578,47.880149841308594,118.08999633789062,234.41542053222656,94.71106719970703,61.225337982177734
2018-12-10,84.47232055664062,32.90642547607422,47.50971984863281,117.68000030517578,234.86019897460938,95.10301971435547,60.830177307128906
2018-12-11,84.49633026123047,33.156593322753906,47.65945816040039,117.54000091552734,234.91354370117188,95.08700561523438,60.859989166259766
2018-12-12,84.43228149414062,33.69863510131836,48.360923767089844,117.79000091552734,236.0963592529297,94.6631088256836,59.92059326171875
2018-12-13,84.45631408691406,33.690303802490234,48.27422332763672,117.52999877929688,236.0164337158203,94.43913269042969,60.26689147949219
2018-12-14,84.4803466796875,33.214969635009766,47.65159606933594,117.05999755859375,231.6583709716797,94.76705169677734,60.09335708618164
2018-12-17,84.62435913085938,32.90642547607422,47.27326965332031,117.87000274658203,227.11366271972656,95.31898498535156,57.82997512817383
2018-12-18,84.8729476928711,33.129878997802734,47.3115119934082,118.1500015258789,226.86460876464844,95.88983154296875,58.42596435546875
2018-12-19,84.95314025878906,32.579681396484375,46.85743713378906,117.43000030517578,223.46713256835938,97.15657806396484,57.784690856933594
2018-12-20,84.8729476928711,32.8336181640625,46.66625213623047,119.23999786376953,219.8295135498047,96.8038101196289,56.917049407958984
2018-12-21,84.83289337158203,32.60508346557617,45.85368728637695,118.72000122070312,215.3253631591797,96.78778076171875,56.12487030029297
2018-12-24,84.88899993896484,32.30035400390625,45.3199462890625,120.0199966430664,209.63580322265625,97.26881408691406,54.12552261352539
2018-12-26,84.72859954833984,32.94365310668945,46.371482849121094,119.66000366210938,220.22767639160156,96.22654724121094,55.93624496459961
2018-12-27,84.86493682861328,32.90133285522461,46.50691223144531,120.56999969482422,221.91842651367188,96.2425765991211,55.9286994934082
2018-12-28,85.17767333984375,33.21452331542969,46.75387954711914,121.05999755859375,221.63214111328125,97.05238342285156,56.10977554321289
2018-12-31,85.39421844482422,33.062164306640625,46.82556915283203,121.25,223.57334899902344,97.42118072509766,56.26066207885742
2019-01-02,85.45835876464844,33.14680862426758,46.729976654052734,121.33000183105469,223.8059844970703,97.93429565429688,55.038421630859375
2019-01-03,85.8111801147461,32.54582977294922,46.30776596069336,122.43000030517578,218.46533203125,99.04869842529297,55.42321014404297
2019-01-04,85.5545654296875,33.595420837402344,47.72575378417969,121.44000244140625,225.7830047607422,97.9021987915039,56.072059631347656
2019-01-07,85.41027069091797,33.671600341796875,47.90898132324219,121.86000061035156,227.56321716308594,97.61357116699219,56.622825622558594
2019-01-08,85.3460922241211,33.7985725402832,48.21965789794922,121.52999877929688,229.7012176513672,97.3570327758789,57.792236328125
2019-01-09,85.41822814941406,34.39954376220703,48.76137161254883,122.30999755859375,230.7747344970703,97.2046890258789,57.70924758911133
2019-01-10,85.3219985961914,34.64501190185547,48.95255661010742,121.58999633789062,231.5888214111328,96.57930755615234,58.49388885498047
2019-01-11,85.44232177734375,34.47572708129883,48.61797332763672,121.80000305175781,231.6782684326172,96.95613098144531,58.65987777709961
2019-01-14,85.3219985961914,34.187931060791016,48.39491653442383,122.08999633789062,230.26478576660156,96.59537506103516,58.46372985839844
2019-01-15,85.33806610107422,34.42494583129883,48.64984130859375,121.87999725341797,232.9038543701172,96.2425765991211,59.02202606201172
2019-01-16,85.41027069091797,34.84816360473633,48.78527069091797,122.2699966430664,233.46739196777344,96.33875274658203,59.43697738647461
2019-01-17,85.3460922241211,35.000511169433594,48.96052932739258,122.11000061035156,235.23861694335938,96.36285400390625,59.72368621826172
2019-01-18,85.28192138671875,35.1698112487793,49.45443344116211,121.0199966430664,238.36972045898438,95.85772705078125,59.9273796081543
2019-01-22,85.35408782958984,34.560367584228516,48.689674377441406,121.44999694824219,235.14923095703125,96.50715637207031,59.746315002441406
2019-01-23,85.44232177734375,34.91587448120117,48.912723541259766,121.27999877929688,235.64126586914062,96.46707153320312,59.75386047363281
2019-01-24,85.58663940429688,35.254451751708984,48.96849822998047,121.08999633789062,235.7664794921875,97.1004409790039,59.95756530761719
2019-01-25,85.54654693603516,35.71999740600586,49.52613067626953,122.86000061035156,237.76141357421875,96.63545227050781,60.704490661621094
2019-01-28,85.49839782714844,35.34756088256836,49.25527572631836,123.29000091552734,235.95436096191406,96.53921508789062,61.30051803588867
2019-01-29,85.72300720214844,35.40681838989258,49.366798400878906,123.9800033569336,235.64126586914062,97.0283203125,61.78336715698242
2019-01-30,85.9154281616211,36.177085876464844,49.90850830078125,124.69000244140625,239.3716583251953,96.95613098144531,62.281333923339844
2019-01-31,86.1719970703125,36.4818000793457,49.932403564453125,124.75,241.4739227294922,97.78997802734375,62.930171966552734
2019-02-01,85.99356842041016,36.194000244140625,49.91646957397461,124.5,241.5902099609375,97.1993408203125,62.53029251098633
2019-02-04,85.92118072509766,36.25326156616211,50.09969711303711,123.95999908447266,243.28990173339844,96.76541137695312,62.99807357788086
2019-02-05,86.10615539550781,36.752662658691406,50.49003982543945,124.27999877929688,244.30978393554688,97.20738983154297,63.36021041870117
2019-02-06,86.05786895751953,36.25326156616211,50.2351188659668,123.44000244140625,243.9876708984375,97.25557708740234,62.945247650146484
2019-02-07,86.0980453491211,35.88928985595703,49.56595993041992,123.73999786376953,241.66177368164062,97.89844512939453,63.46585464477539
2019-02-08,86.29102325439453,35.68613815307617,49.406639099121094,124.20999908447266,241.9569854736328,98.31632232666016,63.46585464477539
2019-02-11,86.20262145996094,35.56764221191406,49.35883712768555,123.5999984741211,242.09117126464844,97.93062591552734,63.63935089111328
2019-02-12,86.2186279296875,35.863887786865234,49.932403564453125,123.86000061035156,245.20437622070312,97.68150329589844,63.239505767822266
2019-02-13,86.0658950805664,35.609954833984375,49.940372467041016,123.37000274658203,246.00045776367188,97.31185913085938,63.56393051147461
2019-02-14,86.19451141357422,35.67767333984375,49.956295013427734,124.05999755859375,245.4547882080078,97.86629486083984,63.767635345458984
2019-02-15,86.25885009765625,35.62689208984375,50.68123245239258,124.80000305175781,248.12960815429688,98.01899719238281,64.19767761230469
2019-02-19,86.30711364746094,35.90621566772461,50.87242126464844,126.69999694824219,248.5589599609375,98.26811218261719,64.18257141113281
2019-02-20,86.31514739990234,36.10935974121094,51.01581573486328,126.4800033569336,249.0599365234375,97.98686981201172,63.782737731933594
2019-02-21,86.12218475341797,36.03317642211914,50.91225051879883,125.05000305175781,248.17430114746094,97.11094665527344,63.84305191040039
2019-02-22,86.3392333984375,36.431007385253906,51.07954788208008,125.5,249.7130126953125,97.68950653076172,64.22032165527344
2019-02-25,86.31514739990234,36.83729934692383,51.23089599609375,125.37000274658203,250.05284118652344,97.4002456665039,63.714820861816406
2019-02-26,86.41158294677734,36.71034240722656,51.47785186767578,125.58000183105469,249.8739471435547,97.88236236572266,63.5186767578125
2019-02-27,86.22669219970703,36.397159576416016,51.27073669433594,124.69000244140625,249.76663208007812,96.7734603881836,63.20176315307617
2019-02-28,86.07392883300781,35.92314147949219,51.19903564453125,123.98999786376953,249.3014678955078,96.44398498535156,63.367774963378906
2019-03-01,85.93453979492188,35.9654655456543,51.47785186767578,121.87999725341797,250.8580322265625,95.55255889892578,63.17159652709961
2019-03-04,86.0392837524414,36.01625442504883,51.28666305541992,121.55999755859375,249.94552612304688,96.30147552490234,63.45827865600586
2019-03-05,86.09571838378906,36.37176513671875,51.334468841552734,121.72000122070312,249.60557556152344,96.50276947021484,63.63181686401367
2019-03-06,86.22467041015625,36.16861343383789,51.20700454711914,121.61000061035156,248.09378051757812,96.85710144042969,63.337581634521484
2019-03-07,86.46646118164062,35.49991989135742,50.553768157958984,121.51000213623047,246.0183868408203,97.48518371582031,63.20176315307617
2019-03-08,86.57923889160156,35.24599075317383,50.56174087524414,122.83999633789062,245.52639770507812,97.89588928222656,63.269683837890625
2019-03-11,86.58731842041016,35.90621566772461,50.999881744384766,122.23999786376953,249.08677673339844,97.6059799194336,64.19767761230469
2019-03-12,86.74850463867188,36.092437744140625,50.968013763427734,122.9800033569336,250.02603149414062,98.29047393798828,64.49192810058594
2019-03-13,86.70821380615234,36.13475036621094,51.40615463256836,123.83999633789062,251.68109130859375,98.10527801513672,64.80879211425781
2019-03-14,86.57923889160156,35.9400749206543,51.3981819152832,122.41000366210938,251.52001953125,97.3966293334961,64.90686798095703
2019-03-15,86.79684448242188,36.464874267578125,51.95583724975586,122.97000122070312,252.7626953125,98.04086303710938,64.70318603515625
2019-03-18,86.78077697753906,36.87117004394531,52.1390495300293,123.04000091552734,253.6791534423828,97.98443603515625,64.37875366210938
2019-03-19,86.73238372802734,36.888092041015625,52.24262237548828,123.37999725341797,253.7421112060547,97.76702880859375,64.18257141113281
2019-03-20,87.08699798583984,36.94734573364258,52.266517639160156,124.18000030517578,252.97837829589844,98.78970336914062,64.37875366210938
2019-03-21,87.10313415527344,36.998130798339844,52.234649658203125,123.68000030517578,255.83563232421875,99.00713348388672,65.5255355834961
2019-03-22,87.53831481933594,35.91468811035156,51.23089599609375,123.97000122070312,250.9117889404297,100.54521179199219,65.05022430419922
2019-03-25,87.699462890625,35.99932861328125,51.3026008605957,124.91999816894531,250.72296142578125,100.70626831054688,65.13320922851562
2019-03-26,87.71556854248047,36.10935974121094,51.55752182006836,124.30000305175781,252.59190368652344,100.63378143310547,65.65380859375
2019-03-27,87.9009780883789,35.71999740600586,51.5814208984375,123.6500015258789,251.27122497558594,101.5598373413086,65.4651870727539
2019-03-28,87.9090347290039,35.957000732421875,51.45396041870117,121.9000015258789,252.22361755371094,101.91414642333984,66.10042572021484
2019-03-29,87.9009780883789,36.32944107055664,51.66904067993164,122.01000213623047,253.8139190673828,101.81755828857422,66.03963470458984
2019-04-01,87.4986801147461,36.9304084777832,52.33024597167969,121.52999877929688,256.8239440917969,100.371337890625,66.00164794921875
2019-04-02,87.59561920166016,36.811920166015625,52.34617614746094,121.9800033569336,256.9498291015625,100.55693054199219,66.46514892578125
2019-04-03,87.43402099609375,37.06584930419922,52.75246047973633,121.80000305175781,257.3541564941406,99.68531036376953,66.38917541503906
2019-04-04,87.4986801147461,37.29439163208008,52.64092254638672,122.11000061035156,258.03704833984375,99.96784210205078,66.28279113769531
2019-04-05,87.56327056884766,37.582176208496094,52.77635192871094,121.9800033569336,259.2859802246094,100.0969467163086,66.74629974365234
2019-04-08,87.52288055419922,37.582176208496094,52.8082160949707,122.51000213623047,259.483642578125,99.74183654785156,66.37397003173828
2019-04-09,87.57135009765625,37.50599670410156,52.4736442565918,123.1500015258789,258.15386962890625,100.05654907226562,66.0244369506836
2019-04-10,87.74104309082031,37.683753967285156,52.67279815673828,123.52999877929688,259.0343017578125,100.29869079589844,66.63233184814453
2019-04-11,87.63597106933594,37.27745819091797,52.5612678527832,121.94999694824219,258.9625244140625,99.70954895019531,66.58673858642578
2019-04-12,87.4663314819336,37.54832458496094,52.927711486816406,121.83000183105469,260.714599609375,98.99933624267578,66.90587615966797
2019-04-15,87.45014953613281,37.3536376953125,52.95161819458008,121.5999984741211,260.5438537597656,99.24949645996094,66.56393432617188
2019-04-16,87.29669952392578,37.63297653198242,52.99143600463867,120.51000213623047,260.714599609375,98.62811279296875,65.05941772460938
2019-04-17,87.28863525390625,37.74299621582031,53.14279556274414,120.27999877929688,260.07672119140625,98.6684341430664,64.46671295166016
2019-04-18,87.40167999267578,37.717613220214844,53.110931396484375,120.37000274658203,260.5887756347656,99.1849365234375,64.96062469482422
2019-04-22,87.29669952392578,37.472137451171875,53.02329635620117,120.37000274658203,260.81341552734375,98.70880126953125,64.24636840820312
2019-04-23,87.45014953613281,37.556785583496094,53.126861572265625,120.12000274658203,263.1585998535156,98.91863250732422,65.09739685058594
2019-04-24,87.65214538574219,37.048919677734375,52.76042175292969,120.47000122070312,262.5744934082031,99.7256851196289,65.57611083984375
2019-04-25,87.64405059814453,36.998130798339844,52.720577239990234,120.56999969482422,262.4128112792969,99.5804443359375,65.4393310546875
2019-04-26,87.82176971435547,37.142032623291016,52.93567657470703,121.37000274658203,263.6347961425781,99.91937255859375,65.95603942871094
2019-04-29,87.66830444335938,37.21821212768555,53.1507682800293,120.83000183105469,264.04827880859375,99.2818374633789,65.31017303466797
2019-04-30,87.724853515625,37.18435287475586,53.18263626098633,121.19999694824219,264.1828918457031,99.79023742675781,65.93325805664062
2019-05-01,87.78152465820312,36.905025482177734,52.87991714477539,120.4000015258789,262.1971740722656,100.20187377929688,65.98643493652344
2019-05-02,87.58717346191406,36.98967361450195,52.80024719238281,119.94000244140625,261.631103515625,99.7247314453125,66.05482482910156
2019-05-03,87.73291778564453,37.429813385009766,53.36585235595703,120.6500015258789,264.19189453125,100.00777435302734,66.61712646484375
2019-05-06,87.8462905883789,36.6595573425293,52.76042175292969,120.80999755859375,263.1047058105469,100.28274536132812,66.40437316894531
2019-05-07,87.95158386230469,35.9400749206543,51.83633041381836,121.20999908447266,258.71087646484375,101.05107879638672,65.20378112792969
2019-05-08,87.93537902832031,35.88928985595703,51.90007781982422,120.91000366210938,258.3514404296875,100.61434936523438,65.13540649414062
2019-05-09,87.98397827148438,35.322166442871094,51.66107940673828,121.19999694824219,257.56982421875,101.02674102783203,65.30256652832031
2019-05-10,88.00017547607422,35.533782958984375,52.04345703125,121.43000030517578,258.8636474609375,100.88932800292969,66.00164794921875
2019-05-13,88.14595031738281,34.348758697509766,50.83258819580078,122.66999816894531,252.35838317871094,101.68187713623047,65.93325805664062
2019-05-14,88.21881866455078,34.83123016357422,51.342430114746094,122.45999908447266,254.6405029296875,101.38262176513672,66.1764144897461
2019-05-15,88.37266540527344,34.89894104003906,51.525657653808594,122.38999938964844,256.1321716308594,102.0053482055664,66.6247329711914
2019-05-16,88.26739501953125,34.72965621948242,51.93989562988281,121.51000213623047,258.5042724609375,101.66568756103516,66.89067077636719
2019-05-17,88.29169464111328,34.10329055786133,51.59734344482422,120.6500015258789,256.8330078125,101.89216613769531,66.76151275634766
2019-05-20,88.17021179199219,33.959388732910156,51.39023208618164,120.63999938964844,255.13475036621094,101.68187713623047,65.79647064208984
2019-05-21,88.1621322631836,34.391075134277344,51.7327766418457,120.36000061035156,257.43499755859375,101.52008819580078,66.3587875366211
2019-05-22,88.3078842163086,34.22179412841797,51.525657653808594,120.23999786376953,256.6443176269531,102.1023941040039,66.55633544921875
2019-05-23,88.56702423095703,33.78164291381836,51.055641174316406,121.16999816894531,253.50843811035156,103.25083923339844,66.70832061767578
2019-05-24,88.59944152832031,33.81549835205078,51.605316162109375,121.30000305175781,254.08355712890625,103.33975219726562,66.91348266601562
2019-05-28,88.72897338867188,33.93399429321289,51.10344314575195,120.83000183105469,251.7203826904297,104.08380889892578,66.25240325927734
2019-05-29,88.75330352783203,34.15406799316406,50.776824951171875,120.87000274658203,250.03126525878906,104.39922332763672,65.3709487915039
2019-05-30,88.9881362915039,34.340293884277344,50.968013763427734,121.69000244140625,250.7140350341797,105.29691314697266,65.64450073242188
2019-05-31,89.40113067626953,34.45880126953125,50.5059700012207,123.33000183105469,247.33567810058594,106.61511993408203,66.0244369506836
2019-06-03,89.61215209960938,34.7719841003418,50.800724029541016,125.11000061035156,246.7067108154297,107.3282699584961,66.18399810791016
2019-06-04,89.53097534179688,34.84816360473633,51.38227081298828,125.1500015258789,252.06190490722656,106.10455322265625,65.88765716552734
2019-06-05,89.48228454589844,34.56883239746094,51.366329193115234,125.47000122070312,254.24530029296875,105.50487518310547,67.26300811767578
2019-06-06,89.46604919433594,34.58576202392578,51.57344436645508,125.87999725341797,255.89854431152344,105.84528350830078,67.39218139648438
2019-06-07,89.71769714355469,34.85662078857422,52.2266845703125,126.58999633789062,258.4593505859375,106.76099395751953,67.6429443359375
2019-06-10,89.48228454589844,35.22059631347656,52.37007522583008,125.33000183105469,259.6453552246094,105.756103515625,67.42257690429688
2019-06-11,89.46604919433594,35.618431091308594,52.632965087890625,125.18000030517578,259.5824279785156,105.8209457397461,67.60494995117188
2019-06-12,89.5796890258789,35.23751449584961,52.24262237548828,125.83000183105469,259.1242370605469,105.9019546508789,67.83290100097656
2019-06-13,89.77446746826172,35.17828369140625,52.2904167175293,126.5999984741211,260.1934509277344,106.26664733886719,68.12165832519531
2019-06-14,89.75013732910156,34.78891372680664,51.90802764892578,126.55999755859375,259.9058532714844,106.53408813476562,68.15965270996094
2019-06-17,89.7258071899414,34.92622756958008,51.94547653198242,126.4800033569336,260.0047912597656,106.7204818725586,68.88912200927734
2019-06-18,89.96930694580078,35.77059555053711,52.637210845947266,127.12000274658203,262.7273254394531,107.25536346435547,68.82073974609375
2019-06-19,90.27778625488281,36.06910705566406,52.96273422241211,127.88999938964844,263.3203430175781,107.40931701660156,69.19308471679688
2019-06-20,90.43196868896484,36.59790802001953,53.426605224609375,131.11000061035156,265.83612060546875,107.69297790527344,69.5426025390625
2019-06-21,90.19660949707031,36.4785041809082,53.19873046875,131.97999572753906,265.4497375488281,106.50977325439453,68.5623779296875
2019-06-24,90.35895538330078,36.42733383178711,53.31267166137695,133.94000244140625,265.124755859375,107.303955078125,68.32681274414062
2019-06-25,90.37515258789062,36.05205535888672,52.99528503417969,134.1999969482422,262.5243835449219,107.63626861572266,67.31620788574219
2019-06-26,90.17222595214844,36.39321517944336,53.060386657714844,132.97000122070312,262.2625427246094,106.94738006591797,65.97124481201172
2019-06-27,90.42387390136719,36.64908218383789,53.19059371948242,132.83999633789062,263.1925354003906,107.70105743408203,66.82051086425781
2019-06-28,90.38327026367188,36.59790802001953,53.49170684814453,133.1999969482422,264.5467834472656,107.62814331054688,67.0506591796875
2019-07-01,90.45000457763672,37.03288650512695,53.743988037109375,130.6199951171875,266.9484558105469,107.37640380859375,67.01997375488281
2019-07-02,90.61271667480469,36.93907165527344,53.89861297607422,133.41000366210938,267.64385986328125,108.20464324951172,68.18606567382812
2019-07-03,90.7591323852539,36.87083435058594,54.26483154296875,133.6300048828125,269.7835388183594,108.97600555419922,68.999267578125
2019-07-05,90.37677764892578,36.614967346191406,53.84978485107422,132.13999938964844,269.4765930175781,107.53070068359375,68.75377655029297
2019-07-08,90.32795715332031,36.39321517944336,53.54054641723633,131.2899932861328,267.995849609375,107.67681121826172,68.999267578125
2019-07-09,90.30355834960938,36.28234100341797,53.31267166137695,131.75,268.3299865722656,107.6362075805664,69.22941589355469
2019-07-10,90.36865234375,36.589385986328125,53.499847412109375,133.8300018310547,269.6120300292969,107.04350280761719,69.62834930419922
2019-07-11,90.03510284423828,36.52115249633789,53.48356628417969,132.6999969482422,270.2441101074219,105.61439514160156,68.72308349609375
2019-07-12,90.13270568847656,36.54673385620117,53.54867172241211,133.52999877929688,271.4539794921875,105.73622131347656,68.63101959228516
2019-07-15,90.26284790039062,36.683189392089844,53.59749984741211,133.52999877929688,271.5443115234375,106.34516143798828,68.57733154296875
2019-07-16,90.1652603149414,36.632022857666016,53.37777328491211,132.39999389648438,270.6684265136719,106.02851867675781,68.41621398925781
2019-07-17,90.40119171142578,36.52115249633789,53.30453109741211,134.5800018310547,268.8265686035156,107.17339324951172,68.18606567382812
2019-07-18,90.54763793945312,36.74290084838867,53.46728515625,136.47999572753906,269.8106689453125,107.18153381347656,68.18606567382812
2019-07-19,90.44187927246094,36.555267333984375,53.31267166137695,134.47000122070312,268.3119812011719,106.92981719970703,67.07367706298828
2019-07-22,90.55573272705078,36.56379318237305,53.36963653564453,134.4499969482422,268.9710388183594,107.13278198242188,67.01231384277344
2019-07-23,90.46627807617188,36.60643768310547,53.703304290771484,133.69000244140625,270.8941345214844,106.54820251464844,67.77178955078125
2019-07-24,90.5964126586914,36.66614532470703,53.743988037109375,134.3699951171875,272.1672058105469,107.01102447509766,67.82550048828125
2019-07-25,90.4581527709961,36.342037200927734,53.19873046875,133.4199981689453,270.8670959472656,106.4994888305664,67.42656707763672
2019-07-26,90.47440338134766,36.418800354003906,53.30453109741211,133.63999938964844,272.681884765625,106.75120544433594,67.73343658447266
2019-07-29,90.51507568359375,36.35056686401367,53.41846466064453,134.52999877929688,272.1853332519531,106.78362274169922,67.91754150390625
2019-07-30,90.5069351196289,36.06910705566406,52.79996871948242,134.97999572753906,271.5172424316406,107.04350280761719,68.46226501464844
2019-07-31,90.54763793945312,35.625606536865234,52.45003128051758,133.2100067138672,268.5466003417969,107.90421295166016,68.19374084472656
2019-08-01,91.25709533691406,34.92622756958008,52.30354309082031,136.41000366210938,266.2080993652344,110.04722595214844,68.19374084472656
2019-08-02,91.2896957397461,34.58506774902344,51.83967590332031,135.88999938964844,264.20367431640625,111.06421661376953,68.52362823486328
2019-08-05,91.68927001953125,33.30572509765625,50.545719146728516,137.7899932861328,256.2583312988281,112.98426818847656,67.17340087890625
2019-08-06,91.9338607788086,33.78334426879883,50.887508392333984,138.91000366210938,259.85186767578125,113.88735961914062,67.91754150390625
2019-08-07,91.8849868774414,33.93686294555664,51.08283233642578,141.02000427246094,260.00531005859375,113.92807006835938,68.57733154296875
2019-08-08,91.97463989257812,34.35478210449219,51.579254150390625,141.72999572753906,265.10662841796875,114.17218017578125,69.78176879882812
2019-08-09,91.85234069824219,34.00509262084961,51.22118377685547,141.25999450683594,263.3008728027344,113.94432067871094,69.69740295410156
2019-08-12,92.18668365478516,33.595706939697266,50.814273834228516,142.6300048828125,260.0956726074219,116.32006072998047,69.51325988769531
2019-08-13,92.05620574951172,34.022151947021484,51.29441452026367,141.77999877929688,264.14056396484375,115.9214096069336,69.61300659179688
2019-08-14,92.34159851074219,33.041324615478516,49.88653564453125,142.75,256.33056640625,118.53304290771484,68.5542984008789
2019-08-15,92.7656478881836,33.2630729675293,50.05742263793945,143.6999969482422,257.0077209472656,119.85110473632812,69.23710632324219
2019-08-16,92.69224548339844,33.7236328125,50.65964126586914,142.77999877929688,260.7998962402344,118.89102935791016,69.9505615234375
2019-08-19,92.44766235351562,33.86009979248047,50.96889114379883,141.11000061035156,263.94189453125,117.1905517578125,70.4568862915039
2019-08-20,92.7004165649414,33.9283332824707,50.79799270629883,142.2100067138672,261.91937255859375,118.40284729003906,69.9582290649414
2019-08-21,92.6514892578125,34.25243377685547,51.156070709228516,141.75999450683594,264.05010986328125,117.61366271972656,70.24976348876953
2019-08-22,92.40685272216797,33.80892562866211,51.05842208862305,141.39999389648438,263.9689636230469,116.8326416015625,70.57196044921875
2019-08-23,92.78195190429688,33.30572509765625,50.42364501953125,144.1699981689453,257.1882629394531,118.75265502929688,69.58231353759766
2019-08-26,92.7411880493164,33.48482894897461,50.83869171142578,144.19000244140625,260.0324401855469,118.27265167236328,70.11933135986328
2019-08-27,93.03475952148438,33.544532775878906,50.79799270629883,145.57000732421875,259.0121154785156,120.09514617919922,69.91986083984375
2019-08-28,93.04291534423828,33.63834762573242,50.79799270629883,145.16000366210938,260.8359069824219,120.24967956542969,70.1500244140625
2019-08-29,92.98580932617188,34.01362609863281,51.23745346069336,144.1199951171875,264.1676025390625,119.79417419433594,70.69471740722656
2019-08-30,93.06736755371094,34.27802276611328,51.44090270996094,143.75,264.05010986328125,119.8266372680664,70.74842071533203
2019-09-03,93.04530334472656,34.064796447753906,51.3432502746582,145.75,262.50634765625,119.98151397705078,71.4542236328125
2019-09-04,93.20877075195312,34.6362419128418,52.06753921508789,146.66000366210938,265.48583984375,120.16079711914062,72.05259704589844
2019-09-05,92.80824279785156,35.02858352661133,52.34423828125,143.13999938964844,268.89874267578125,117.98466491699219,71.53092956542969
2019-09-06,92.90633392333984,35.182098388671875,52.515132904052734,141.9199981689453,269.1064147949219,118.82415008544922,71.69204711914062
2019-09-09,92.5140380859375,35.292972564697266,52.66976547241211,141.38999938964844,269.2418518066406,116.71321105957031,71.3468246459961
2019-09-10,92.01545715332031,35.31855010986328,52.759273529052734,140.17999267578125,269.1786804199219,114.66748809814453,70.61033630371094
2019-09-11,92.03180694580078,35.56589889526367,53.052249908447266,141.02999877929688,271.09283447265625,114.46373748779297,70.6870346069336
2019-09-12,91.88469696044922,35.8217658996582,53.36149215698242,141.32000732421875,272.0318298339844,113.71388244628906,71.06292724609375
2019-09-13,91.3370361328125,36.026466369628906,53.66260528564453,140.14999389648438,271.8511962890625,111.28507995605469,70.30345153808594
2019-09-16,91.582275390625,35.74501037597656,53.18245315551758,141.32000732421875,271.0115966796875,112.70323944091797,70.91719055175781
2019-09-17,91.72120666503906,35.74501037597656,53.36149215698242,141.60000610351562,271.6977233886719,113.31452941894531,71.68436431884766
2019-09-18,91.82748413085938,35.60002136230469,53.2963981628418,140.7100067138672,271.8602294921875,113.7954330444336,71.43888092041016
2019-09-19,91.9582290649414,35.45502853393555,53.47542953491211,141.27999877929688,271.8421936035156,114.1376953125,71.69204711914062
2019-09-20,92.29331970214844,35.4891471862793,53.35335922241211,142.9499969482422,270.55780029296875,115.6455307006836,71.69204711914062
2019-09-23,92.33421325683594,35.52325439453125,53.21501159667969,143.75,270.49420166015625,115.62105560302734,71.80708312988281
2019-09-24,92.58759307861328,35.14798355102539,53.01156234741211,144.50999450683594,268.3717956542969,117.0147933959961,71.6478042602539
2019-09-25,92.20344543457031,35.12239074707031,52.856929779052734,141.8300018310547,269.9591369628906,115.30320739746094,71.7870101928711
2019-09-26,92.35871124267578,35.11386489868164,53.052249908447266,141.7899932861328,269.39678955078125,116.04489135742188,72.39019775390625
2019-09-27,92.47315216064453,34.661827087402344,52.87321853637695,141.05999755859375,267.9454650878906,116.33016204833984,71.98806762695312
2019-09-30,92.4976806640625,34.857994079589844,53.06852340698242,138.8699951171875,269.1882019042969,116.61537170410156,72.11181640625
2019-10-01,92.66561889648438,34.610652923583984,52.547691345214844,139.6300048828125,265.9862060546875,116.96648406982422,71.43126678466797
2019-10-02,92.73114776611328,34.34625244140625,51.47345733642578,141.25999450683594,261.2876892089844,117.25225830078125,71.12971496582031
2019-10-03,93.0915756225586,34.78976058959961,51.815250396728516,141.89999389648438,263.4283447265625,118.32176208496094,71.81793975830078
2019-10-04,93.239013671875,34.94328689575195,52.22216033935547,141.89999389648438,266.9930725097656,119.19538879394531,72.25099182128906
2019-10-07,92.98511505126953,34.65329360961914,52.15705490112305,140.69000244140625,265.841064453125,118.20751953125,72.09634399414062
2019-10-08,93.01782989501953,34.40596389770508,51.66876983642578,141.9199981689453,261.7139587402344,118.52592468261719,71.7174072265625
2019-10-09,92.96871948242188,34.67036056518555,52.04312515258789,142.0500030517578,264.1993713378906,117.85643768310547,71.85658264160156
2019-10-10,92.64920806884766,35.02858352661133,52.40934371948242,140.80999755859375,265.9862060546875,116.10103607177734,71.97260284423828
2019-10-11,92.34609985351562,35.59148406982422,53.34522247314453,140.02999877929688,268.7435607910156,114.66407012939453,71.94166564941406
2019-10-14,92.50175476074219,35.437965393066406,53.12549591064453,140.58999633789062,268.4443359375,115.49686431884766,71.97260284423828
2019-10-15,92.19869232177734,35.75353240966797,53.743988037109375,139.61000061035156,271.10211181640625,114.10070037841797,72.06538391113281
2019-10-16,92.36253356933594,35.85588836669922,53.82537078857422,140.41000366210938,270.6666259765625,114.23948669433594,72.07313537597656
2019-10-17,92.33794403076172,35.992347717285156,53.95558547973633,140.61000061035156,271.4648132324219,113.9619140625,72.54485321044922
2019-10-18,92.40345001220703,35.804710388183594,53.931156158447266,140.4600067138672,270.2767028808594,113.9619140625,73.10164642333984
2019-10-21,92.1495361328125,36.128822326660156,54.22414016723633,139.7899932861328,272.1088562011719,113.10462188720703,73.65845489501953
2019-10-22,92.28878021240234,36.15439987182617,54.093929290771484,140.1999969482422,271.219970703125,113.76598358154297,73.44190979003906
2019-10-23,92.36253356933594,36.162933349609375,54.38690185546875,140.52999877929688,272.0091857910156,113.88023376464844,73.60429382324219
2019-10-24,92.3870620727539,36.162933349609375,54.48455047607422,141.52999877929688,272.4534606933594,113.65167236328125,73.41870880126953
2019-10-25,92.2560806274414,36.418800354003906,54.54151153564453,141.86000061035156,273.5692443847656,113.0964584350586,72.79231262207031
2019-10-28,92.0594253540039,36.632022857666016,54.78566360473633,140.63999938964844,275.1112365722656,112.06768035888672,72.35153198242188
2019-10-29,92.06761169433594,36.44438552856445,54.76939010620117,140.25,275.0295715332031,112.14122772216797,72.79231262207031
2019-10-30,92.3297348022461,36.60643768310547,54.997257232666016,141.02000427246094,275.87310791015625,113.78225708007812,73.05524444580078
2019-10-31,92.69017791748047,36.31645965576172,54.86703872680664,142.42999267578125,275.1384582519531,115.3172607421875,72.92378997802734
2019-11-01,92.71566772460938,36.86231231689453,55.355323791503906,142.55999755859375,277.68731689453125,114.96229553222656,72.90831756591797
2019-11-04,92.48577880859375,37.22905349731445,55.64015579223633,142.14999389648438,278.8030090332031,113.44916534423828,72.3979263305664
2019-11-05,92.14093780517578,37.44227981567383,55.534358978271484,139.85000610351562,278.4945068359375,112.1733169555664,71.1683578491211
2019-11-06,92.2804946899414,37.322879791259766,55.50996017456055,140.4499969482422,278.55816650390625,112.85211944580078,71.3230209350586
2019-11-07,91.84537506103516,37.59580993652344,55.68085479736328,138.27000427246094,279.53759765625,110.80741119384766,70.61155700683594
2019-11-08,91.79610443115234,37.254642486572266,55.64830017089844,137.38999938964844,280.2270202636719,110.3412094116211,70.44142150878906
2019-11-11,91.81253051757812,36.9902458190918,55.57506561279297,137.05999755859375,279.6917724609375,110.41481018066406,70.5960922241211
2019-11-12,91.91107177734375,36.75143051147461,55.59946823120117,137.42999267578125,280.2814636230469,110.92186737060547,70.06250762939453
2019-11-13,92.07526397705078,36.469970703125,55.4041633605957,137.97999572753906,280.37213134765625,111.64161682128906,70.70435333251953
2019-11-14,92.33797454833984,36.49555969238281,55.249534606933594,138.55999755859375,280.7803649902344,112.79483032226562,71.2533950805664
2019-11-15,92.28873443603516,36.78554153442383,55.59946823120117,138.2100067138672,282.8122253417969,112.67218017578125,71.64006805419922
2019-11-18,92.46112823486328,36.72584533691406,55.66457748413086,138.6199951171875,283.0208435058594,112.87663269042969,71.98806762695312
2019-11-19,92.5268325805664,36.802608489990234,55.591331481933594,138.69000244140625,282.939208984375,113.8172607421875,72.11181640625
2019-11-20,92.74847412109375,36.64055633544922,55.24140167236328,138.75999450683594,281.886962890625,114.99496459960938,72.07313537597656
2019-11-21,92.6170883178711,36.56379318237305,55.16816329956055,138.0,281.4334411621094,114.27522277832031,71.06010437011719
2019-11-22,92.66638946533203,36.56379318237305,55.32278823852539,137.74000549316406,282.059326171875,114.42251586914062,70.79717254638672
2019-11-25,92.75667572021484,36.930538177490234,55.76223373413086,137.0800018310547,284.245361328125,114.75782775878906,71.02141571044922
2019-11-26,92.88803100585938,36.81966781616211,55.72969436645508,137.74000549316406,284.8893127441406,115.428466796875,71.96485900878906
2019-11-27,92.77310943603516,36.86231231689453,55.876163482666016,137.00999450683594,286.1591796875,115.09312438964844,72.30513763427734
2019-11-29,92.65814971923828,36.28234100341797,55.48554229736328,137.86000061035156,285.0979919433594,114.8478012084961,71.97260284423828
2019-12-02,92.5561294555664,36.27381134033203,55.20071792602539,137.7899932861328,282.6761779785156,113.31649017333984,70.88221740722656
2019-12-03,92.97574615478516,36.08617401123047,54.997257232666016,139.11000061035156,280.7803649902344,115.69243621826172,71.33846282958984
2019-12-04,92.81939697265625,36.35909652709961,55.5018196105957,138.9199981689453,282.5128173828125,114.53722381591797,71.63230895996094
2019-12-05,92.71246337890625,36.52115249633789,55.39602279663086,139.0,283.0208435058594,113.98011016845703,71.67098999023438
2019-12-06,92.58080291748047,36.73436737060547,55.90059280395508,137.6199951171875,285.6058654785156,113.34928894042969,71.81793975830078
2019-12-09,92.63018798828125,36.589385986328125,55.60761260986328,137.5800018310547,284.7079772949219,113.59503936767578,71.95714569091797
2019-12-10,92.59725189208984,36.71731185913086,55.632022857666016,137.97000122070312,284.3904113769531,113.603271484375,71.53955841064453
2019-12-11,92.84410858154297,37.254642486572266,55.92499923706055,138.9199981689453,285.19769287109375,114.49626922607422,70.8126220703125
2019-12-12,92.44916534423828,37.90283966064453,56.299354553222656,138.42999267578125,287.6558837890625,112.61190032958984,69.85370635986328
2019-12-13,92.81939697265625,37.88578796386719,56.689998626708984,139.0500030517578,287.82818603515625,113.91461181640625,69.8691635131836
2019-12-16,92.63018798828125,38.20722579956055,57.295684814453125,139.0399932861328,289.8055725097656,112.89045715332031,70.37183380126953
2019-12-17,92.6384048461914,38.5556755065918,56.96649932861328,139.00999450683594,289.8691101074219,112.73485565185547,69.70677947998047
2019-12-18,92.4574203491211,38.76474380493164,56.892425537109375,139.02000427246094,289.8871765136719,111.80902099609375,70.55640411376953
2019-12-19,92.55714416503906,38.782169342041016,56.892425537109375,139.3800048828125,291.0754089355469,111.98790740966797,71.18169403076172
2019-12-20,92.5736312866211,38.860565185546875,56.9335823059082,139.52000427246094,292.3516540527344,112.13561248779297,71.57249450683594
2019-12-23,92.50767517089844,38.91283416748047,57.02410888671875,139.9499969482422,292.7982482910156,111.97147369384766,71.21295928955078
2019-12-24,92.62306213378906,38.82572937011719,56.96649932861328,141.27000427246094,292.807373046875,112.29149627685547,71.40052795410156
2019-12-26,92.70549774169922,39.10447311401367,57.21338653564453,142.3800048828125,294.3660583496094,112.5622787475586,71.71318817138672
2019-12-27,92.82913208007812,39.26128005981445,57.31214141845703,142.3300018310547,294.29302978515625,112.68541717529297,71.93985748291016
2019-12-30,92.82913208007812,38.99993896484375,56.88421630859375,142.6300048828125,292.670654296875,112.27513122558594,72.0102310180664
2019-12-31,92.61483764648438,39.08706283569336,57.14755630493164,142.89999389648438,293.38165283203125,111.17550659179688,72.52603912353516
2020-01-02,92.87032318115234,39.87977600097656,57.72364044189453,143.9499969482422,296.1253662109375,112.43096160888672,71.67408752441406
2020-01-03,93.14230346679688,39.13932800292969,57.00764083862305,145.86000061035156,293.8829345703125,114.16248321533203,72.11962890625
2020-01-06,93.068115234375,39.04350280761719,57.229862213134766,147.38999938964844,295.0042419433594,113.51421356201172,72.20561981201172
2020-01-07,92.96925354003906,39.01736831665039,57.073482513427734,147.97000122070312,294.1746520996094,112.95621490478516,71.40052795410156
2020-01-08,92.86204528808594,39.243858337402344,57.23808288574219,146.86000061035156,295.74249267578125,112.20948791503906,71.61937713623047
2020-01-09,92.96097564697266,39.505191802978516,57.3697509765625,146.02999877929688,297.74774169921875,112.60335540771484,71.58029174804688
2020-01-10,93.1175765991211,39.714271545410156,57.155784606933594,146.91000366210938,296.89105224609375,113.60446166992188,72.12742614746094
2020-01-13,93.05988311767578,40.3327522277832,57.45204162597656,145.82000732421875,298.93280029296875,113.25984191894531,72.99503326416016
2020-01-14,93.14230346679688,40.106266021728516,57.50966262817383,145.69000244140625,298.47698974609375,113.84243774414062,72.72148132324219
2020-01-15,93.28243255615234,39.792659759521484,57.50966262817383,146.5399932861328,299.15155029296875,114.597412109375,73.3780288696289
2020-01-16,93.28243255615234,40.0452880859375,57.74833297729492,146.30999755859375,301.6400451660156,114.23635864257812,73.96422576904297
2020-01-17,93.17527770996094,40.271785736083984,57.921142578125,146.5800018310547,302.57891845703125,113.25984191894531,74.03457641601562
2020-01-21,93.43901824951172,39.2525749206543,57.46027755737305,146.74000549316406,301.9862976074219,114.44969940185547,74.738037109375
2020-01-22,93.48845672607422,39.57487869262695,57.575504302978516,146.7899932861328,302.0228271484375,114.8517837524414,74.23782348632812
2020-01-23,93.61210632324219,39.16545486450195,57.435604095458984,147.1199951171875,302.3692932128906,115.65596771240234,74.86309814453125
2020-01-24,93.7851791381836,38.85186004638672,57.188697814941406,147.97999572753906,299.6802062988281,116.59153747558594,74.60516357421875
2020-01-27,94.07365417480469,37.51033401489258,56.00361633300781,148.99000549316406,294.87652587890625,118.40497589111328,74.2456283569336
2020-01-28,93.9912338256836,37.82394027709961,56.530330657958984,147.66000366210938,297.9665222167969,117.47771453857422,74.54264068603516
2020-01-29,94.20552825927734,38.00687026977539,56.53854751586914,148.4600067138672,297.72052001953125,118.62662506103516,74.26908111572266
2020-01-30,94.21373748779297,37.44063949584961,56.48917770385742,148.47000122070312,298.6866455078125,118.64297485351562,74.32379150390625
2020-01-31,94.4940185546875,36.682769775390625,55.53451919555664,149.3300018310547,293.26312255859375,119.72615051269531,73.41709899902344
2020-02-03,94.46343231201172,37.09219741821289,55.666194915771484,148.36000061035156,295.4416198730469,119.6291732788086,73.65943145751953
2020-02-04,94.14957427978516,38.05043029785156,56.59616470336914,146.42999267578125,299.9445495605469,118.0182113647461,74.41756439208984
2020-02-05,94.0091552734375,38.26820373535156,57.13933181762695,146.61000061035156,303.4082946777344,116.72766876220703,74.4644775390625
2020-02-06,94.06697082519531,38.30305099487305,57.295684814453125,147.39999389648438,304.4292297363281,117.25372314453125,74.714599609375
2020-02-07,94.33953094482422,37.77166748046875,56.752525329589844,147.7899932861328,302.8067626953125,118.71684265136719,74.69895935058594
2020-02-10,94.44691467285156,37.980735778808594,56.86774444580078,148.1699981689453,305.06732177734375,119.04563903808594,75.5352783203125
2020-02-11,94.33130645751953,38.47727584838867,57.254539489746094,147.66000366210938,305.59588623046875,118.4455795288086,76.1058578491211
2020-02-12,94.2321548461914,38.99993896484375,57.45204162597656,147.5399932861328,307.5648193359375,117.84557342529297,76.5592041015625
2020-02-13,94.29823303222656,38.48598861694336,57.048797607421875,148.3800048828125,307.23675537109375,118.29759979248047,77.02034759521484
2020-02-14,94.39734649658203,38.50341033935547,56.950035095214844,149.0,307.7289733886719,118.81546783447266,77.81759643554688
2020-02-18,94.52123260498047,38.25078582763672,56.58793640136719,150.91000366210938,306.9359130859375,119.6291732788086,77.73162078857422
2020-02-19,94.49645233154297,38.52954864501953,56.777225494384766,151.7899932861328,308.4034729003906,119.62100982666016,76.68425750732422
2020-02-20,94.71119689941406,37.92847442626953,56.43980026245117,152.41000366210938,307.13641357421875,120.55801391601562,77.59874725341797
2020-02-21,94.90118408203125,37.71070098876953,56.17645263671875,154.6999969482422,303.9735107421875,121.68412780761719,77.82542419433594
2020-02-24,95.20675659179688,36.29948043823242,53.92971420288086,156.08999633789062,293.8920593261719,123.5005874633789,76.76242065429688
2020-02-25,95.3719711303711,36.01201629638672,53.040897369384766,153.3000030517578,284.986572265625,124.1583023071289,74.68331146240234
2020-02-26,95.2728500366211,36.29948043823242,53.10673141479492,153.97000122070312,283.9382629394531,123.5005874633789,73.87826538085938
2020-02-27,95.28937530517578,35.42836380004883,51.534854888916016,154.0,271.1861572265625,124.84044647216797,69.94673156738281
2020-02-28,95.99144744873047,35.297698974609375,51.22211837768555,148.3800048828125,270.046630859375,127.65982818603516,68.25845336914062
2020-03-02,95.95748901367188,36.06428146362305,51.880496978759766,149.1999969482422,281.7415466308594,126.7205581665039,71.17388153076172
2020-03-03,96.611328125,35.82037353515625,51.46077346801758,153.88999938964844,273.6745910644531,128.68795776367188,71.00972747802734
2020-03-04,96.536865234375,36.45628356933594,52.999752044677734,154.16000366210938,285.1779479980469,127.32146453857422,73.690673828125
2020-03-05,96.83480834960938,35.689697265625,51.59245300292969,157.49000549316406,275.6980895996094,130.49072265625,72.11181640625
2020-03-06,97.54658508300781,34.95796203613281,50.81885528564453,157.5500030517578,271.1404724121094,137.2820587158203,70.86904907226562
2020-03-09,97.42241668701172,32.571102142333984,46.87679672241211,157.80999755859375,249.9660186767578,141.0027618408203,65.40553283691406
2020-03-10,96.32164001464844,34.22621536254883,48.60505294799805,154.47999572753906,262.90045166015625,133.77528381347656,68.16886138916016
2020-03-11,94.94774627685547,32.632076263427734,46.12788772583008,153.92999267578125,250.08450317382812,128.85263061523438,64.07275390625
2020-03-12,91.14885711669922,29.365379333496094,41.05834197998047,147.7899932861328,226.15707397460938,129.6510467529297,57.58197021484375
2020-03-13,92.5806884765625,31.482196807861328,43.54373550415039,143.27999877929688,245.49037170410156,126.7205581665039,62.60759353637695
2020-03-16,94.12837982177734,27.553455352783203,39.0502815246582,141.63999938964844,218.62791442871094,134.92776489257812,51.50868225097656
2020-03-17,91.69512939453125,29.452497482299805,40.95135498046875,143.55999755859375,230.43206787109375,125.93033599853516,54.48625183105469
2020-03-18,88.20243835449219,26.908832550048828,38.60587692260742,140.6999969482422,218.7646942138672,118.82623291015625,49.30308151245117
2020-03-19,90.1722183227539,27.11789894104004,39.206642150878906,138.0399932861328,219.22952270507812,122.06136322021484,49.476383209228516
2020-03-20,91.06611633300781,27.31825828552246,38.72108459472656,140.11000061035156,209.78201293945312,131.23985290527344,47.01082992553711
2020-03-23,93.22626495361328,26.664918899536133,38.2684440612793,146.3000030517578,204.41827392578125,136.64817810058594,44.82886505126953
2020-03-24,93.9959716796875,28.668485641479492,41.5109748840332,153.39999389648438,222.93922424316406,134.10452270507812,48.861961364746094
2020-03-25,94.95603942871094,29.67898178100586,42.86067199707031,151.3000030517578,226.27664184570312,133.79994201660156,51.492923736572266
2020-03-26,95.24571990966797,30.8027286529541,44.778202056884766,153.24000549316406,239.48887634277344,134.45843505859375,55.124298095703125
2020-03-27,95.65128326416016,29.05177879333496,43.502586364746094,152.25,232.35552978515625,138.0475311279297,55.179443359375
2020-03-30,95.74229431152344,29.530899047851562,44.38317108154297,152.9199981689453,239.90142822265625,136.9115753173828,56.38465118408203
2020-03-31,95.48574829101562,29.73124885559082,43.99637985229492,148.0500030517578,236.32569885253906,135.80023193359375,55.02189636230469
2020-04-01,95.16142272949219,28.459423065185547,42.04591751098633,149.4499969482422,225.6898651123047,137.7029266357422,51.406288146972656
2020-04-02,95.30244445800781,29.41765022277832,42.868892669677734,151.89999389648438,230.89772033691406,138.57684326171875,51.579586029052734
2020-04-03,95.36878967285156,28.860137939453125,41.889556884765625,152.64999389648438,227.56028747558594,138.9065399169922,50.83124542236328
2020-04-06,95.83328247070312,30.436857223510742,44.111595153808594,156.8800048828125,242.84463500976562,138.5438232421875,54.596527099609375
2020-04-07,95.96599578857422,30.593656539916992,44.35848617553711,156.0399932861328,243.0922088623047,137.0928955078125,55.10066604614258
2020-04-08,96.05722045898438,30.90726089477539,44.72059631347656,154.64999389648438,251.25247192382812,136.09539794921875,58.85807418823242
2020-04-09,97.25161743164062,30.794010162353516,45.73285675048828,158.69000244140625,255.07583618164062,136.34274291992188,62.15858840942383
2020-04-13,96.79544067382812,30.837575912475586,45.296688079833984,161.41000366210938,252.74691772460938,135.0978240966797,59.543373107910156
2020-04-14,96.84521484375,31.543170928955078,46.10319900512695,162.67999267578125,260.2012634277344,135.06497192382812,61.213340759277344
2020-04-15,97.2432861328125,30.733034133911133,44.66298294067383,161.85000610351562,254.67233276367188,138.6427001953125,58.78718185424805
2020-04-16,97.36773681640625,30.8985538482666,44.687679290771484,161.7100067138672,255.9010772705078,140.21728515625,58.11760711669922
2020-04-17,97.25161743164062,31.586732864379883,45.872772216796875,158.57000732421875,262.8143310546875,138.3376922607422,59.952999114990234
2020-04-20,97.11062622070312,31.18602180480957,45.189693450927734,159.6999969482422,258.1841125488281,139.45057678222656,57.72376251220703
2020-04-21,97.1603775024414,30.32361602783203,44.30910873413086,158.61000061035156,250.34474182128906,141.2064666748047,56.67609405517578
2020-04-22,97.1603775024414,31.15117835998535,45.058013916015625,161.72999572753906,255.9010772705078,139.76394653320312,57.542572021484375
2020-04-23,97.39261627197266,31.037931442260742,44.91810989379883,163.33999633789062,255.8826904296875,140.50579833984375,57.06207275390625
2020-04-24,97.34284210205078,30.994373321533203,45.43658447265625,162.63999938964844,259.449462890625,140.83551025390625,57.3062744140625
2020-04-27,96.89496612548828,31.62157440185547,46.03736114501953,161.55999755859375,263.190185546875,138.21405029296875,59.26767349243164
2020-04-28,97.27645874023438,31.68255615234375,46.38301086425781,160.83999633789062,261.9799499511719,139.80503845214844,59.756065368652344
2020-04-29,97.34284210205078,32.6059455871582,47.54340744018555,161.72999572753906,268.838134765625,139.0795440673828,60.654052734375
2020-04-30,97.12718963623047,31.917757034301758,46.55583190917969,158.8000030517578,266.3351135253906,137.45555114746094,59.952999114990234
2020-05-01,97.13218688964844,30.767879486083984,45.5435791015625,159.77999877929688,259.2843322753906,138.63270568847656,57.928565979003906
2020-05-04,97.21528625488281,31.098915100097656,45.52711868286133,160.33999633789062,259.9994812011719,137.98068237304688,57.64498519897461
2020-05-05,97.1404800415039,31.273134231567383,45.609413146972656,161.02000427246094,262.4017639160156,137.09730529785156,57.928565979003906
2020-05-06,96.74986267089844,31.17730712890625,45.31313705444336,158.9499969482422,260.6229553222656,134.88519287109375,56.88877487182617
2020-05-07,97.049072265625,31.429933547973633,45.9962158203125,161.38999938964844,263.76788330078125,137.13865661621094,57.700111389160156
2020-05-08,96.79141998291016,32.091983795166016,46.778038024902344,160.4199981689453,268.1322021484375,135.3556365966797,59.07075500488281
2020-05-11,96.50057220458984,31.882909774780273,46.73688888549805,159.4199981689453,268.1871643066406,134.29913330078125,58.212127685546875
2020-05-12,96.74986267089844,31.760957717895508,46.14434814453125,160.0399932861328,262.84185791015625,135.67762756347656,55.5654182434082
2020-05-13,96.90777587890625,31.699981689453125,45.790470123291016,161.5800018310547,258.193359375,136.6269073486328,54.21842956542969
2020-05-14,97.20697021484375,31.821935653686523,45.35429382324219,163.00999450683594,261.28302001953125,137.96409606933594,54.40747833251953
2020-05-15,97.26516723632812,31.38637924194336,45.39543151855469,163.92999267578125,262.4842224121094,137.60916137695312,54.194793701171875
2020-05-18,97.12385559082031,32.614646911621094,47.230682373046875,162.69000244140625,270.4794921875,134.58802795410156,57.40079116821289
2020-05-19,97.23189544677734,32.35331726074219,46.58052062988281,164.25999450683594,267.7013244628906,135.09153747558594,56.62882995605469
2020-05-20,97.48126220703125,32.780174255371094,47.5516242980957,164.64999389648438,272.2489013671875,135.4960174560547,57.132965087890625
2020-05-21,97.55604553222656,32.405582427978516,47.000240325927734,162.25,270.3694152832031,135.8344268798828,57.180233001708984
2020-05-22,97.60591888427734,31.734821319580078,46.868568420410156,163.2100067138672,270.8828430175781,136.651611328125,57.95219039916992
2020-05-26,97.44799041748047,32.43171691894531,48.210025787353516,160.88999938964844,274.22021484375,134.8192138671875,60.1183967590332
2020-05-27,97.58930969238281,32.536251068115234,48.794334411621094,161.17999267578125,278.30035400390625,134.5715789794922,61.31575012207031
2020-05-28,97.5228042602539,32.30976486206055,49.25520324707031,161.72000122070312,277.7868957519531,134.07630920410156,61.6071891784668
2020-05-29,97.78043365478516,32.86727523803711,49.082374572753906,162.91000366210938,279.0246887207031,135.0337677001953,60.99275588989258
2020-06-01,97.72550964355469,33.62514877319336,50.17692947387695,163.66000366210938,280.1524353027344,134.12466430664062,62.40278625488281
2020-06-02,97.80876922607422,34.42657470703125,50.646034240722656,162.60000610351562,282.47216796875,133.63705444335938,62.90691375732422
2020-06-03,97.56733703613281,35.22800827026367,51.85580062866211,159.60000610351562,286.23138427734375,131.86001586914062,64.92347717285156
2020-06-04,97.2758560180664,34.73147201538086,51.633609771728516,161.27999877929688,285.4794921875,129.9507598876953,64.27754211425781
2020-06-05,97.33416748046875,35.64614486694336,52.522422790527344,158.00999450683594,292.7962951660156,129.02508544921875,66.71159362792969
2020-06-08,97.44241333007812,35.86391067504883,53.20549011230469,159.72000122070312,296.3354797363281,129.5210418701172,68.3658218383789
2020-06-09,97.56733703613281,35.62000274658203,52.514190673828125,161.25999450683594,294.125732421875,130.99212646484375,67.23149108886719
2020-06-10,97.96696472167969,35.88134002685547,52.398963928222656,163.57000732421875,292.48455810546875,132.93443298339844,65.52215576171875
2020-06-11,97.80040740966797,34.00844955444336,49.59261703491211,162.38999938964844,275.62298583984375,135.4469757080078,61.31575012207031
2020-06-12,97.9003677368164,34.73147201538086,50.448524475097656,162.6199951171875,278.9238586425781,134.1411590576172,63.51344299316406
2020-06-15,98.22509002685547,34.41604995727539,50.65550994873047,162.3300018310547,281.5277404785156,134.2154998779297,64.41146087646484
2020-06-16,98.03358459472656,34.63508987426758,51.2815055847168,162.25,286.9465026855469,132.15757751464844,65.67967224121094
2020-06-17,97.95030975341797,34.96803665161133,51.473480224609375,162.55999755859375,285.7546081542969,132.70301818847656,64.72654724121094
2020-06-18,98.05021667480469,34.985565185546875,51.19804000854492,162.24000549316406,285.8646545410156,134.1080780029297,64.01759338378906
2020-06-19,98.0835189819336,34.97679138183594,50.94764709472656,164.02999877929688,284.2309875488281,134.2154998779297,63.08810043334961
2020-06-22,98.05852508544922,35.40612030029297,51.556949615478516,165.08999633789062,286.0542907714844,134.23207092285156,63.02508544921875
2020-06-23,98.0418930053711,35.74782180786133,51.840728759765625,166.47999572753906,287.3712463378906,133.3146209716797,62.76513671875
2020-06-24,98.0252456665039,35.274696350097656,50.51362228393555,165.89999389648438,280.0408020019531,134.7445068359375,60.97702407836914
2020-06-25,98.1418228149414,35.423648834228516,51.231422424316406,165.8000030517578,283.04290771484375,135.13296508789062,61.755828857421875
2020-06-26,98.25835418701172,34.994327545166016,50.48857879638672,166.5399932861328,276.3203125,136.5792999267578,60.57054138183594
2020-06-29,98.34163665771484,35.152034759521484,50.89756774902344,166.6300048828125,280.3815002441406,136.14955139160156,61.739933013916016
2020-06-30,98.42489624023438,35.03813552856445,50.805755615234375,167.3699951171875,283.9731140136719,135.4883270263672,62.47179412841797
2020-07-01,98.47745513916016,35.43240737915039,50.997718811035156,166.6199951171875,285.9622497558594,135.22520446777344,63.91166687011719
2020-07-02,98.59427642822266,36.238487243652344,51.556949615478516,166.97999572753906,287.5370788574219,135.3658447265625,63.728694915771484
2020-07-06,98.5859375,37.79806900024414,52.399959564208984,167.97999572753906,291.9757995605469,134.81150817871094,63.6968879699707
2020-07-07,98.73603057861328,37.16722106933594,51.63206481933594,169.0399932861328,288.96441650390625,136.7063446044922,62.43202209472656
2020-07-08,98.70270538330078,38.131019592285156,52.06609344482422,170.08999633789062,291.1746520996094,136.1603240966797,62.34452819824219
2020-07-09,98.96128845214844,38.131019592285156,51.473480224609375,169.6300048828125,289.5169982910156,138.32823181152344,61.954715728759766
2020-07-10,98.84452056884766,37.88569259643555,52.024356842041016,169.19000244140625,292.4731750488281,137.63311767578125,62.145652770996094
2020-07-13,98.83617401123047,37.63159942626953,51.69048309326172,169.39999389648438,289.9406433105469,138.08827209472656,61.40581130981445
2020-07-14,98.99469757080078,37.68416976928711,52.45002746582031,170.19000244140625,293.697998046875,138.2867889404297,61.92288589477539
2020-07-15,99.00301361083984,37.79806900024414,53.04263687133789,170.33999633789062,296.3962097167969,137.6414031982422,62.52747344970703
2020-07-16,99.06976318359375,37.263607025146484,52.70043182373047,168.72999572753906,295.4200744628906,138.2951202392578,61.779701232910156
2020-07-17,99.16983032226562,37.4738883972168,53.00925827026367,170.1199951171875,296.2764587402344,138.00547790527344,62.58315658569336
2020-07-20,99.2783203125,37.955787658691406,53.26799774169922,170.94000244140625,298.6708984375,138.3448028564453,61.83537292480469
2020-07-21,99.33670043945312,38.30625915527344,53.37649917602539,173.0,299.30633544921875,138.42752075195312,61.98653793334961
2020-07-22,99.42008209228516,38.1397705078125,53.51839828491211,175.6300048828125,301.0099792480469,138.84124755859375,62.933189392089844
2020-07-23,99.53691101074219,37.8331184387207,53.092716217041016,177.17999267578125,297.4184265136719,140.46307373046875,62.6706657409668
2020-07-24,99.50353240966797,37.79806900024414,52.80058670043945,178.6999969482422,295.5029296875,140.45474243164062,62.20927047729492
2020-07-27,99.43678283691406,38.38511276245117,53.49335479736328,182.22999572753906,297.65789794921875,139.9335479736328,62.79795455932617
2020-07-28,99.50353240966797,38.06968307495117,53.15113830566406,183.75,295.76995849609375,140.9016571044922,64.04690551757812
2020-07-29,99.62032318115234,38.683013916015625,53.710365295410156,185.1300048828125,299.4075927734375,140.66171264648438,65.28791809082031
2020-07-30,99.69537353515625,38.192352294921875,52.91743850708008,183.75999450683594,298.3393859863281,141.58848571777344,64.86628723144531
2020-07-31,99.73710632324219,37.92950439453125,51.7906494140625,185.42999267578125,300.6968994140625,141.49749755859375,64.74696350097656
2020-08-03,99.7763671875,38.192352294921875,52.80058670043945,185.63999938964844,302.7873840332031,140.78500366210938,63.887813568115234
2020-08-04,99.96856689453125,38.700531005859375,53.092716217041016,189.58999633789062,303.95697021484375,142.12709045410156,64.8424301147461
2020-08-05,99.7763671875,39.12109375,53.26799774169922,191.35000610351562,305.8448181152344,140.8844757080078,64.51628112792969
2020-08-06,99.91844177246094,39.24375915527344,53.3264274597168,193.88999938964844,307.88922119140625,141.67141723632812,64.61968994140625
2020-08-07,99.80143737792969,38.437679290771484,53.109413146972656,190.80999755859375,308.1102294921875,140.72702026367188,65.54248046875
2020-08-10,99.70953369140625,38.534053802490234,53.28469467163086,190.14999389648438,309.0311584472656,140.0974884033203,65.64588165283203
2020-08-11,99.43376159667969,38.42891311645508,53.47666931152344,179.94000244140625,306.480224609375,138.432373046875,64.69924926757812
2020-08-12,99.23320007324219,38.945865631103516,54.661888122558594,179.10000610351562,310.7533264160156,137.1732635498047,65.35157012939453
2020-08-13,98.86551666259766,38.83195495605469,54.41982650756836,183.3300018310547,310.1914978027344,135.7069549560547,64.54808044433594
2020-08-14,98.77359008789062,38.76186752319336,54.08597183227539,182.5399932861328,310.20074462890625,135.1768341064453,64.55604553222656
2020-08-17,98.90727996826172,39.25251770019531,54.49494934082031,186.5,311.1861267089844,135.51644897460938,65.08106994628906
2020-08-18,99.04936218261719,39.20871353149414,54.4615592956543,188.17999267578125,311.8583679199219,136.48573303222656,64.77084350585938
2020-08-19,98.89896392822266,38.72681427001953,54.219512939453125,182.24000549316406,310.5599060058594,135.6324005126953,63.63325881958008
2020-08-20,99.07444763183594,38.604156494140625,54.04423141479492,183.5,311.52679443359375,136.8584747314453,64.23783874511719
2020-08-21,99.17473602294922,38.79690933227539,53.768795013427734,182.02999877929688,312.63189697265625,137.6785125732422,64.34126281738281
2020-08-24,99.13290405273438,39.226226806640625,54.47825622558594,181.0,315.7999267578125,137.454833984375,64.75494384765625
2020-08-25,98.92401123046875,39.62051010131836,54.51163864135742,181.22000122070312,316.9048767089844,136.40283203125,64.92198944091797
2020-08-26,98.90727996826172,39.725650787353516,54.82881546020508,183.36000061035156,320.0821533203125,135.88087463378906,64.32535552978516
2020-08-27,98.56466674804688,39.392704010009766,54.269588470458984,181.24000549316406,320.7820129394531,133.56973266601562,65.27201080322266
2020-08-28,98.6983871459961,39.9096565246582,54.65353775024414,184.38999938964844,322.8540344238281,133.4703369140625,65.70158386230469
2020-08-31,98.91563415527344,39.02471923828125,54.236209869384766,184.8300018310547,321.6844787597656,134.3567352294922,65.0333480834961
2020-09-01,99.1207046508789,39.69060516357422,54.29462432861328,185.0500030517578,324.71429443359375,135.8933868408203,65.08106994628906
2020-09-02,99.32160949707031,39.58545684814453,55.020790100097656,182.6199951171875,329.4110412597656,137.1871795654297,66.29027557373047
2020-09-03,99.34674835205078,38.83195495605469,53.77713394165039,181.13999938964844,318.0745544433594,137.5769805908203,65.49475860595703
2020-09-04,98.85287475585938,38.84947967529297,53.85225296020508,181.63999938964844,315.4775390625,134.96466064453125,65.15267944335938
2020-09-08,98.96170806884766,38.174827575683594,53.19287872314453,181.2899932861328,306.8577880859375,135.7939453125,64.357177734375
2020-09-09,98.95332336425781,38.744346618652344,54.18612289428711,183.0500030517578,312.9173889160156,135.42901611328125,64.99359130859375
2020-09-10,98.96170806884766,38.12226486206055,53.551788330078125,182.4600067138672,307.4840393066406,136.11734008789062,64.19806671142578
2020-09-11,99.07888793945312,38.4902458190918,54.08597183227539,182.4499969482422,307.6405334472656,136.40760803222656,63.840087890625
2020-09-14,99.08719635009766,39.112327575683594,54.37810516357422,183.88999938964844,311.692626953125,136.39935302734375,65.39928436279297
2020-09-15,99.09559631347656,39.52412796020508,54.72864532470703,183.4499969482422,313.2673645019531,136.06759643554688,66.18683624267578
2020-09-16,99.04536437988281,39.471553802490234,54.72864532470703,183.97000122070312,312.0242004394531,135.66123962402344,66.53687286376953
2020-09-17,99.07052612304688,39.3138542175293,54.803775787353516,182.9600067138672,309.27984619140625,136.07591247558594,65.24020385742188
2020-09-18,98.95332336425781,39.00719451904297,54.361392974853516,183.1999969482422,305.7191467285156,135.65292358398438,63.76848602294922
2020-09-21,98.97007751464844,38.64796447753906,52.98421096801758,179.52000427246094,302.3165588378906,136.34132385253906,61.851287841796875
2020-09-22,99.04536437988281,38.35882568359375,52.9675178527832,178.64999389648438,305.3954772949219,136.23348999023438,62.59111404418945
2020-09-23,98.83614349365234,37.76301956176758,52.525150299072266,174.7899932861328,298.31317138671875,136.4158935546875,60.705745697021484
2020-09-24,98.84451293945312,37.58779525756836,52.47506332397461,175.44000244140625,299.1082458496094,136.9384002685547,61.03192138671875
2020-09-25,98.87799835205078,37.62284469604492,52.650352478027344,174.94000244140625,303.94390869140625,136.9384002685547,62.290557861328125
2020-09-28,98.96170806884766,38.043399810791016,53.44327926635742,176.6999969482422,308.9922180175781,136.5486297607422,63.565216064453125
2020-09-29,98.97844696044922,38.01711654663086,53.38485336303711,178.19000244140625,307.30950927734375,136.7062225341797,63.108253479003906
2020-09-30,98.81939697265625,38.63043975830078,53.12610626220703,177.1199951171875,309.6395263671875,135.39585876464844,63.30066680908203
2020-10-01,98.95524597167969,38.98966979980469,53.4349250793457,178.6999969482422,311.62738037109375,135.61915588378906,64.56733703613281
2020-10-02,98.85459899902344,38.542816162109375,53.3264274597168,178.5399932861328,308.6687316894531,135.11277770996094,65.6816635131836
2020-10-05,98.53602600097656,39.05976486206055,54.13603973388672,179.41000366210938,314.14227294921875,132.4727783203125,66.0584487915039
2020-10-06,98.61984252929688,39.129859924316406,53.56012725830078,177.3000030517578,309.676513671875,133.18670654296875,65.62554168701172
2020-10-07,98.55274200439453,39.559181213378906,54.019195556640625,177.22000122070312,315.06689453125,132.2153778076172,65.72174835205078
2020-10-08,98.67855072021484,39.88336181640625,54.3947868347168,177.85000610351562,317.85919189453125,132.92929077148438,66.8200454711914
2020-10-09,98.70367431640625,40.15497589111328,54.820465087890625,181.0800018310547,320.69769287109375,132.90447998046875,66.55548095703125
2020-10-12,98.89655303955078,40.50545120239258,55.137630462646484,180.55999755859375,325.85699462890625,133.32786560058594,66.86813354492188
2020-10-13,98.92169952392578,40.33897018432617,54.519989013671875,177.72000122070312,323.73040771484375,134.28250122070312,65.72174835205078
2020-10-14,98.98038482666016,40.06736373901367,54.42816925048828,178.27000427246094,321.6961975097656,134.58978271484375,64.92005920410156
2020-10-15,98.89655303955078,39.77821731567383,53.78549575805664,178.9199981689453,321.29876708984375,134.35733032226562,65.25678253173828
2020-10-16,98.84622192382812,39.91840744018555,54.0358772277832,178.3000030517578,321.1044921875,133.98374938964844,64.79180908203125
2020-10-19,98.7288589477539,39.804508209228516,53.835567474365234,178.38999938964844,316.22259521484375,133.4772186279297,63.781681060791016
2020-10-20,98.64501190185547,40.24259567260742,54.102657318115234,179.25,317.48931884765625,132.20703125,64.23863983154297
2020-10-21,98.52760314941406,40.35649490356445,53.84391403198242,180.60000610351562,316.8883361816406,131.75048828125,64.04621887207031
2020-10-22,98.35155487060547,40.34773635864258,53.885643005371094,178.8300018310547,318.6266174316406,130.38070678710938,64.03820037841797
2020-10-23,98.49406433105469,40.58430099487305,54.236209869384766,178.63999938964844,319.7084045410156,131.17771911621094,64.42301940917969
2020-10-26,98.62823486328125,40.0586051940918,53.2596549987793,178.5500030517578,313.8001708984375,132.39805603027344,63.50109100341797
2020-10-27,98.85459899902344,40.23383712768555,52.84231948852539,179.02000427246094,312.7184143066406,133.28634643554688,62.48295974731445
2020-10-28,98.71207427978516,39.226226806640625,51.264808654785156,176.1300048828125,302.02996826171875,133.41094970703125,60.99182891845703
2020-10-29,98.53602600097656,39.62051010131836,51.506866455078125,175.39999389648438,305.09967041015625,132.11581420898438,61.809532165527344
2020-10-30,98.26769256591797,39.17366409301758,51.239776611328125,176.1999969482422,301.9190673828125,130.81243896484375,61.400691986083984
2020-11-02,98.44570922851562,39.67308044433594,51.90750503540039,177.91000366210938,305.3031311035156,131.7923126220703,62.867759704589844
2020-11-03,98.40373992919922,39.84831619262695,53.26799774169922,178.9199981689453,310.6935729980469,131.0276641845703,64.07829284667969
2020-11-04,99.05882263183594,41.10124588012695,53.85225296020508,178.82000732421875,317.6373291015625,133.869873046875,64.19052124023438
2020-11-05,99.15123748779297,41.80217742919922,55.14598846435547,182.92999267578125,323.8320617675781,134.10260009765625,64.49517059326172
2020-11-06,98.9328842163086,41.994937896728516,55.26283264160156,183.19000244140625,323.7582092285156,132.4820098876953,64.05422973632812
2020-11-09,98.47093200683594,42.28407669067383,56.87373733520508,175.0800018310547,327.8264465332031,129.69793701171875,66.32299041748047
2020-11-10,98.31137084960938,41.80217742919922,57.38287353515625,175.66000366210938,327.3456115722656,128.94996643066406,67.29302978515625
2020-11-11,98.37014770507812,42.07379150390625,57.86697769165039,174.89999389648438,329.7772521972656,129.4154052734375,67.54955291748047
2020-11-12,98.78166198730469,41.75837707519531,57.023963928222656,175.9600067138672,326.5780944824219,131.61769104003906,66.66771697998047
2020-11-13,98.79845428466797,42.34541702270508,57.90035629272461,177.16000366210938,331.0995178222656,131.44320678710938,68.44745635986328
2020-11-16,98.79006958007812,42.8711051940918,58.501319885253906,177.14999389648438,335.2323913574219,131.1273651123047,69.21705627441406
2020-11-17,98.99162292480469,42.82730484008789,58.442874908447266,176.5,333.4294738769531,131.98338317871094,69.28119659423828
2020-11-18,99.05882263183594,42.6783447265625,58.134063720703125,175.49000549316406,329.4166564941406,132.36561584472656,67.93437194824219
2020-11-19,99.24358367919922,42.748443603515625,58.54304504394531,175.16000366210938,330.8035583496094,133.0471954345703,68.19892883300781
2020-11-20,99.3443832397461,42.985015869140625,58.71832275390625,175.69000244140625,328.5382995605469,134.2272491455078,67.83016967773438
2020-11-23,99.31917572021484,43.09891128540039,58.64320373535156,172.22999572753906,330.5077819824219,133.61227416992188,67.95842742919922
2020-11-24,99.18480682373047,43.67718505859375,59.519596099853516,169.58999633789062,335.83343505859375,132.2825927734375,68.3191909790039
2020-11-25,99.15123748779297,43.431854248046875,59.444480895996094,169.50999450683594,335.31561279296875,131.87535095214844,68.35926055908203
2020-11-27,99.31917572021484,43.84366226196289,59.85346221923828,167.7899932861328,336.24945068359375,133.1551971435547,68.05462646484375
2020-11-30,99.45355224609375,42.69588088989258,58.55139923095703,166.6699981689453,334.7608337402344,132.98898315429688,67.34111785888672
2020-12-01,99.1388931274414,43.53700256347656,59.928592681884766,170.17999267578125,338.42230224609375,131.02813720703125,68.20694732666016
2020-12-02,99.029541015625,43.59833526611328,59.936927795410156,171.4600067138672,339.1341857910156,129.9882354736328,67.66983032226562
2020-12-03,99.19781494140625,44.097755432128906,60.03709030151367,172.80999755859375,339.04180908203125,131.03646850585938,68.239013671875
2020-12-04,98.92858123779297,44.5533561706543,60.546226501464844,172.32000732421875,341.9635009765625,129.1147003173828,69.28119659423828
2020-12-07,99.07999420166016,44.5533561706543,60.05378723144531,174.88999938964844,341.2607727050781,130.2793731689453,68.67993927001953
2020-12-08,99.08843231201172,44.570884704589844,60.2624397277832,175.5,342.2593994140625,130.89498901367188,68.4394302368164
2020-12-09,98.94538879394531,44.18537139892578,60.34592056274414,172.5,339.1897888183594,130.4624481201172,68.01454162597656
2020-12-10,99.18937683105469,44.75489044189453,60.42938995361328,172.1699981689453,339.0787658691406,131.61875915527344,67.71790313720703
2020-12-11,99.29873657226562,44.439456939697266,60.245758056640625,172.49000549316406,338.68121337890625,132.08468627929688,67.6537857055664
2020-12-14,99.2398452758789,44.208412170410156,60.2828254699707,171.5399932861328,337.1648254394531,131.71865844726562,67.357177734375
2020-12-15,99.29873657226562,44.68643569946289,60.89805221557617,173.94000244140625,341.72314453125,131.2777099609375,68.73604583740234
2020-12-16,99.25667572021484,44.898887634277344,61.13401794433594,174.89999389648438,342.2593994140625,130.92831420898438,68.81622314453125
2020-12-17,99.25245666503906,45.19101333618164,61.56383514404297,176.74000549316406,344.1733703613281,130.58184814453125,69.48164367675781
2020-12-18,99.20195007324219,45.13790512084961,61.24357986450195,176.44000244140625,342.799072265625,130.19041442871094,68.08671569824219
2020-12-21,99.20195007324219,44.47398376464844,60.45981979370117,175.8800048828125,341.57330322265625,130.7067413330078,67.70188903808594
2020-12-22,99.34512329101562,44.11988830566406,60.30811309814453,174.49000549316406,340.99774169921875,131.38131713867188,68.17488861083984
2020-12-23,99.2777328491211,44.57135772705078,60.9570426940918,175.64999389648438,341.30413818359375,130.47360229492188,67.73395538330078
2020-12-24,99.37035369873047,44.376609802246094,60.98232650756836,176.35000610351562,342.6319885253906,130.9899444580078,68.32696533203125
2020-12-28,99.38722229003906,44.50053405761719,61.47955322265625,175.7100067138672,345.57537841796875,131.04820251464844,68.73426055908203
2020-12-29,99.4040756225586,45.16445541381836,61.87565612792969,176.35000610351562,344.9161071777344,130.8817138671875,68.14778137207031
2020-12-30,99.46298217773438,45.766422271728516,61.95993423461914,177.6999969482422,345.4082946777344,131.164794921875,68.52245330810547
2020-12-31,99.5387954711914,45.73986053466797,61.487998962402344,178.36000061035156,347.16314697265625,131.35638427734375,69.18230438232422
2021-01-04,99.41244506835938,46.0319938659668,61.80824279785156,182.3300018310547,342.4369201660156,131.19805908203125,66.93404388427734
2021-01-05,99.3114242553711,47.138519287109375,62.448726654052734,182.8699951171875,344.79541015625,130.22377014160156,67.03177642822266
2021-01-06,98.82296752929688,46.74017333984375,63.16508102416992,179.89999389648438,346.85675048828125,127.55052185058594,67.14582824707031
2021-01-07,98.72189331054688,47.18279266357422,63.23250198364258,179.47999572753906,352.0101623535156,126.42616271972656,67.01549530029297
2021-01-08,98.60397338867188,48.430965423583984,63.822452545166016,173.33999633789062,354.0158996582031,126.01812744140625,67.66716766357422
2021-01-11,98.44397735595703,47.77589416503906,62.988094329833984,173.0,351.6295166015625,125.80994415283203,66.77113342285156
2021-01-12,98.52815246582031,48.24506378173828,63.27464294433594,174.1199951171875,351.7037048339844,125.71001434326172,66.92589569091797
2021-01-13,98.83976745605469,48.35129165649414,63.19036865234375,173.3699951171875,352.6509094238281,127.1258316040039,67.74048614501953
2021-01-14,98.64606475830078,48.80276107788086,63.696014404296875,173.27999877929688,351.4159240722656,125.9349136352539,68.13961791992188
2021-01-15,98.74716186523438,48.112281799316406,62.701568603515625,171.1300048828125,348.8530578613281,126.43456268310547,68.921630859375
2021-01-19,98.88190460205078,48.90898895263672,63.15665817260742,172.5800018310547,351.5923156738281,126.84260559082031,68.72610473632812
2021-01-20,98.89032745361328,49.76766586303711,63.58647155761719,175.38999938964844,356.4578857421875,126.96753692626953,70.03759002685547
2021-01-21,98.74716186523438,49.85618209838867,63.63703536987305,175.27999877929688,356.78289794921875,126.07649230957031,69.70359802246094
2021-01-22,98.74716186523438,49.42242431640625,63.33363723754883,173.89999389648438,355.5201110839844,126.48452758789062,69.86653137207031
2021-01-25,98.99980926513672,49.79422378540039,63.25778579711914,174.0500030517578,356.92218017578125,127.97518157958984,70.39600372314453
2021-01-26,98.96613311767578,49.431270599365234,63.350494384765625,173.6199951171875,356.3650817871094,127.73374938964844,70.89288330078125
2021-01-27,98.97454071044922,48.059165954589844,61.900943756103516,172.52000427246094,347.6553955078125,128.05844116210938,69.63844299316406
2021-01-28,98.90717315673828,48.39555358886719,62.29703140258789,172.67999267578125,350.6452331542969,127.35067749023438,70.01314544677734
2021-01-29,98.79766845703125,47.19164276123047,61.00761032104492,172.61000061035156,343.6255187988281,126.58441925048828,69.20673370361328
2021-02-01,98.89216613769531,48.466365814208984,61.732383728027344,174.22999572753906,349.34527587890625,126.73114776611328,70.78700256347656
2021-02-02,98.74031829833984,49.094886779785156,62.35602951049805,172.11000061035156,354.2851257324219,125.91417694091797,71.2105941772461
2021-02-03,98.62222290039062,49.342750549316406,62.50771713256836,171.85000610351562,354.56365966796875,124.79690551757812,71.0313720703125
2021-02-04,98.58003234863281,49.360450744628906,62.57514953613281,168.14999389648438,358.59356689453125,124.46339416503906,71.52012634277344
2021-02-05,98.45350646972656,49.785369873046875,62.96282196044922,169.80999755859375,360.0048522949219,123.42121124267578,71.77266693115234
2021-02-08,98.55470275878906,49.8738899230957,63.401065826416016,171.52000427246094,362.60491943359375,123.963134765625,72.16363525390625
2021-02-09,98.59690856933594,50.40502166748047,63.74659729003906,172.0800018310547,362.3634033203125,124.05482482910156,72.4161605834961
2021-02-10,98.68968963623047,50.58208084106445,63.52747344970703,172.7100067138672,362.20550537109375,124.8802490234375,72.80716705322266
2021-02-11,98.57159423828125,51.12206268310547,63.957271575927734,171.2100067138672,362.7906188964844,124.1965560913086,72.96192932128906
2021-02-12,98.3438720703125,51.16632080078125,64.31124114990234,170.69000244140625,364.58270263671875,122.65412139892578,72.97821807861328
2021-02-16,97.87987518310547,51.290260314941406,64.7747573852539,168.24000549316406,364.2668762207031,120.78650665283203,72.4161605834961
2021-02-17,98.0738525390625,51.30796432495117,64.39551544189453,166.3300018310547,364.35052490234375,121.55360412597656,72.32655334472656
2021-02-18,98.02326202392578,50.59977722167969,64.07526397705078,166.32000732421875,362.7998962402344,121.06168365478516,72.01702880859375
2021-02-19,97.71955871582031,50.92731475830078,64.26068115234375,167.00999450683594,362.1591491699219,119.45252227783203,72.43245697021484
2021-02-22,97.4158935546875,49.431270599365234,64.10055541992188,169.50999450683594,359.3735656738281,118.54369354248047,73.03524780273438
2021-02-23,97.44122314453125,49.652584075927734,64.15953826904297,169.1199951171875,359.8099060058594,118.20184326171875,73.49140930175781
2021-02-24,97.40746307373047,49.333900451660156,64.36182403564453,169.0,363.7747802734375,117.42643737792969,74.05348205566406
2021-02-25,96.51327514648438,48.20965576171875,63.26622009277344,165.82000732421875,355.00933837890625,115.50881958007812,72.63610076904297
2021-02-26,97.2978286743164,47.563438415527344,62.372886657714844,161.80999755859375,353.1801452636719,119.32740020751953,71.57716369628906
2021-03-01,97.24712371826172,48.838172912597656,63.54431915283203,161.52999877929688,361.7413024902344,117.75139617919922,71.89482116699219
2021-03-02,97.2640151977539,48.360145568847656,63.47690963745117,162.41000366210938,358.9185791015625,117.75977325439453,71.20244598388672
2021-03-03,96.90914154052734,48.26276779174805,63.08924102783203,160.6199951171875,354.1643981933594,116.48253631591797,70.7951431274414
2021-03-04,96.63028717041016,47.138519287109375,62.49087905883789,159.0399932861328,349.78167724609375,115.7313003540039,69.98872375488281
2021-03-05,96.56269073486328,47.65195846557617,62.89540100097656,159.13999938964844,356.21649169921875,115.95671081542969,70.75440979003906
2021-03-08,96.18244934082031,46.368377685546875,62.676292419433594,157.49000549316406,354.4429626464844,115.05509948730469,71.36534881591797
2021-03-09,96.54578399658203,47.38638687133789,63.51904296875,160.83999633789062,359.5035400390625,116.64956665039062,71.83781433105469
2021-03-10,96.70633697509766,47.1739387512207,63.78873825073242,161.66000366210938,361.7413024902344,116.8832778930664,72.55464172363281
2021-03-11,96.6978759765625,48.66112518310547,64.12583923339844,161.52000427246094,365.40911865234375,116.04013061523438,73.40179443359375
2021-03-12,96.14863586425781,47.79359817504883,64.28596496582031,161.49000549316406,365.90118408203125,113.57762908935547,74.6318130493164
2021-03-15,96.25003051757812,47.90867614746094,64.3365249633789,162.1999969482422,368.0832214355469,114.24540710449219,75.73965454101562
2021-03-16,96.21623229980469,48.112281799316406,64.44608306884766,162.35000610351562,367.61895751953125,113.78628540039062,75.43011474609375
2021-03-17,96.20779418945312,48.17424774169922,64.82533264160156,163.50999450683594,368.8724060058594,112.934814453125,75.49527740478516
2021-03-18,95.83599090576172,47.28902053833008,64.23539733886719,162.55999755859375,363.5055847167969,111.79119873046875,74.72956085205078
2021-03-19,95.91203308105469,47.873268127441406,64.41236877441406,163.24000549316406,362.8329162597656,112.48406219482422,73.71134948730469
2021-03-22,96.09795379638672,47.731632232666016,64.47136688232422,163.0,365.7301025390625,113.74457550048828,74.23268127441406
2021-03-23,96.34303283691406,46.819847106933594,63.57803726196289,161.80999755859375,362.8515625,114.77131652832031,74.12679290771484
2021-03-24,96.46124267578125,45.74871063232422,63.25778579711914,162.3699951171875,361.0069580078125,115.38905334472656,73.71134948730469
2021-03-25,96.41058349609375,45.96116638183594,63.729740142822266,161.77999877929688,363.0378723144531,114.47916412353516,74.46186828613281
2021-03-26,96.25003051757812,47.15623092651367,64.5556411743164,162.24000549316406,368.88818359375,114.07848358154297,76.0677719116211
2021-03-29,96.0895004272461,46.82869338989258,64.30281829833984,160.30999755859375,368.7019348144531,113.11016082763672,75.62532806396484
2021-03-30,96.16555786132812,46.979190826416016,64.21853637695312,157.57000732421875,367.72369384765625,113.70281219482422,75.72364807128906
2021-03-31,96.18244934082031,47.218196868896484,63.94043731689453,159.9600067138672,369.2142639160156,113.068359375,75.26483154296875
2021-04-01,96.50572204589844,47.67851638793945,64.7747573852539,161.97999572753906,373.20147705078125,114.9449691772461,76.63312530517578
2021-04-05,96.31108093261719,47.86441421508789,65.71867370605469,161.9199981689453,378.5581359863281,114.44344329833984,76.9281005859375
2021-04-06,96.64958190917969,48.12998580932617,65.01915740966797,163.22000122070312,378.3345031738281,115.22080993652344,77.12472534179688
2021-04-07,96.49724578857422,47.42179870605469,65.15401458740234,162.75999450683594,378.7723388671875,114.41840362548828,77.18209838867188
2021-04-08,96.73420715332031,47.81129837036133,65.52481842041016,164.50999450683594,380.5702819824219,115.36299133300781,76.89531707763672
2021-04-09,96.62419891357422,47.40409469604492,65.72708129882812,163.27000427246094,383.3371276855469,114.9449691772461,76.80519104003906
2021-04-12,96.59882354736328,47.12081527709961,65.36469268798828,162.27999877929688,383.4768371582031,114.89482879638672,77.25582885742188
2021-04-13,96.8780746459961,47.31557846069336,65.74393463134766,163.42999267578125,384.61334228515625,115.75584411621094,77.64090728759766
2021-04-14,96.80186462402344,47.55458450317383,65.79450988769531,162.72000122070312,383.2998046875,115.3880386352539,77.23125457763672
2021-04-15,97.1827163696289,47.98834991455078,66.34230041503906,165.35000610351562,387.4173889160156,117.3189468383789,78.58316802978516
2021-04-16,96.9288101196289,48.112281799316406,66.82267761230469,166.35000610351562,388.71234130859375,116.40782928466797,78.75523376464844
2021-04-19,96.85267639160156,47.935237884521484,66.70469665527344,165.88999938964844,386.8025817871094,116.07345581054688,78.91090393066406
2021-04-20,97.00501251220703,47.54573059082031,65.50796508789062,166.47999572753906,383.9705505371094,116.60846710205078,79.55818939208984
2021-04-21,97.09811401367188,47.83785629272461,66.18217468261719,168.1300048828125,387.60369873046875,116.842529296875,80.08256530761719
2021-04-22,97.12346649169922,47.6696662902832,65.96305084228516,167.0399932861328,384.06365966796875,117.35242462158203,79.64830017089844
2021-04-23,97.10652160644531,48.360145568847656,66.63726043701172,166.39999389648438,388.2279357910156,117.0765380859375,80.1153335571289
2021-04-26,97.02194213867188,48.422115325927734,66.68782043457031,166.83999633789062,389.0382995605469,116.90935516357422,80.35294342041016
2021-04-27,96.78496551513672,48.39555358886719,66.46871948242188,166.4199981689453,388.95452880859375,115.88957977294922,80.34473419189453
2021-04-28,96.83574676513672,48.75849914550781,66.63726043701172,166.91000366210938,388.84271240234375,115.96473693847656,80.17268371582031
2021-04-29,96.78496551513672,48.64342498779297,66.66255187988281,166.22000122070312,391.3207092285156,115.62210845947266,80.86093139648438
2021-04-30,96.88654327392578,47.78474426269531,65.82821655273438,165.66000366210938,388.74957275390625,115.88957977294922,81.18048095703125
2021-05-03,96.94834899902344,47.78474426269531,66.5530014038086,167.80999755859375,389.5880126953125,115.95906829833984,81.0248031616211
2021-05-04,97.06702423095703,47.2447509765625,65.56696319580078,166.5800018310547,387.1845703125,116.74595642089844,80.50041198730469
2021-05-05,97.143310546875,47.466060638427734,66.46028137207031,167.27000427246094,387.30560302734375,116.93844604492188,79.1648941040039
2021-05-06,97.1603012084961,47.91753005981445,67.0080795288086,170.05999755859375,390.39849853515625,117.13101959228516,79.60735321044922
2021-05-07,97.13483428955078,48.41325759887695,67.76657104492188,171.58999633789062,393.2398376464844,116.55338287353516,80.65609741210938
2021-05-10,96.98226928710938,47.54573059082031,67.40419006347656,172.11000061035156,389.3458557128906,115.3730697631836,80.63151550292969
2021-05-11,96.77043914794922,47.41294860839844,66.519287109375,172.13999938964844,385.8709716796875,114.72010803222656,79.61553955078125
2021-05-12,96.43142700195312,46.10280990600586,65.45738983154297,170.42999267578125,377.6730041503906,113.5146255493164,77.59994506835938
2021-05-13,96.65174865722656,46.040836334228516,65.94621276855469,171.1300048828125,382.20989990234375,113.6904525756836,78.60773468017578
2021-05-14,96.87213134765625,46.87295913696289,67.05021667480469,172.69000244140625,388.078857421875,114.75354766845703,79.54178619384766
2021-05-17,96.78733825683594,46.82869338989258,66.9238052368164,174.6999969482422,387.0913391113281,114.51084899902344,79.62372589111328
2021-05-18,96.66873931884766,47.457210540771484,67.06707763671875,175.0399932861328,383.7563171386719,114.21784210205078,79.64012908935547
2021-05-19,96.53308868408203,47.31557846069336,66.47712707519531,175.16000366210938,382.7502136230469,113.94158935546875,79.38611602783203
2021-05-20,96.86366271972656,47.59000015258789,67.35360717773438,175.9600067138672,386.86773681640625,114.879150390625,80.27920532226562
2021-05-21,96.90603637695312,47.0411491394043,67.4463119506836,176.0399932861328,386.5509948730469,115.24751281738281,80.19727325439453
2021-05-24,96.99925231933594,47.43065643310547,67.85926055908203,176.35000610351562,390.4916687011719,115.67443084716797,81.19686126708984
2021-05-25,97.23655700683594,47.89982986450195,67.87614440917969,177.9499969482422,389.625244140625,116.74595642089844,81.17227935791016
2021-05-26,97.20265197753906,48.2539176940918,67.833984375,177.63999938964844,390.39849853515625,116.54505920410156,81.53279876708984
2021-05-27,97.08399200439453,48.26276779174805,67.96041870117188,177.7100067138672,390.60345458984375,116.07627868652344,81.34435272216797
2021-05-28,97.08399200439453,48.572601318359375,68.12053680419922,178.3800048828125,391.3020935058594,115.89208221435547,81.83594512939453
2021-06-01,97.03897857666016,49.572914123535156,68.36492919921875,177.89999389648438,390.95745849609375,115.86610412597656,83.31076049804688
2021-06-02,97.16634368896484,49.652584075927734,68.59248352050781,178.77000427246094,391.572265625,116.13434600830078,84.28579711914062
2021-06-03,96.93712615966797,49.12144470214844,68.25537109375,175.27000427246094,390.1190185546875,115.69842529296875,83.97443389892578
2021-06-04,97.3360824584961,49.56406021118164,68.83686828613281,177.16000366210938,393.68707275390625,117.28287506103516,84.0154037475586
2021-06-07,97.26815795898438,49.316184997558594,69.06441497802734,177.8699951171875,393.3050537109375,116.92240905761719,85.0068130493164
2021-06-08,97.44640350341797,49.07718276977539,69.03072357177734,177.32000732421875,393.3888854980469,117.74395751953125,85.7114486694336
2021-06-09,97.6416244506836,48.935546875,68.8453140258789,176.97999572753906,392.8019104003906,118.78352355957031,85.82614135742188
2021-06-10,97.84535217285156,49.32763671875,69.03495025634766,177.74000549316406,394.6278076171875,119.49609375,86.44066619873047
2021-06-11,97.80288696289062,49.15870666503906,69.19728088378906,175.74000549316406,395.27996826171875,119.3032455444336,86.0965347290039
2021-06-14,97.55674743652344,49.292076110839844,69.31686401367188,174.7100067138672,396.1650085449219,118.38948822021484,86.43244934082031
2021-06-15,97.59922790527344,48.95421600341797,69.40230560302734,174.0500030517578,395.4383544921875,118.2469711303711,85.5066146850586
2021-06-16,97.28516387939453,48.28738021850586,68.97514343261719,171.11000061035156,393.23052978515625,118.14636993408203,84.94945526123047
2021-06-17,97.59070587158203,48.55411911010742,68.49674987792969,165.85000610351562,393.10009765625,119.91526794433594,84.84293365478516
2021-06-18,97.85381317138672,48.21625518798828,67.07862854003906,164.92999267578125,387.7970886230469,122.17036437988281,83.40089416503906
2021-06-21,97.59922790527344,48.420753479003906,67.95854949951172,166.9499969482422,393.3486633300781,120.12480926513672,85.12151336669922
2021-06-22,97.7010726928711,48.19847869873047,67.96709442138672,166.25,395.4515686035156,120.41825103759766,84.67906188964844
2021-06-23,97.650146484375,48.49188232421875,67.53142547607422,166.13999938964844,394.97503662109375,120.1080551147461,84.53158569335938
2021-06-24,97.68407440185547,48.93644332885742,68.18067169189453,166.0399932861328,397.3115539550781,120.30082702636719,84.34923553466797
2021-06-25,97.48885345458984,49.345420837402344,68.3259048461914,166.58999633789062,398.7228088378906,119.0517578125,84.91859436035156
2021-06-28,97.76892852783203,49.38987731933594,67.89022064208984,166.5800018310547,399.5266418457031,120.2757339477539,84.6710433959961
2021-06-29,97.81988525390625,49.354312896728516,67.90730285644531,164.8300018310547,399.7416076660156,120.4769515991211,84.43999481201172
2021-06-30,97.88777923583984,49.03424072265625,67.38616943359375,165.6300048828125,400.0780029296875,121.0134506225586,83.99439239501953
2021-07-01,97.83340454101562,48.75860595703125,67.54849243164062,166.1999969482422,402.2931213378906,121.02018737792969,84.35749816894531
2021-07-02,98.0458755493164,48.70526885986328,67.7791519165039,167.2899932861328,405.36798095703125,121.75049591064453,84.61328887939453
2021-07-06,98.36031341552734,47.85172653198242,67.33491516113281,168.1199951171875,404.6297607421875,123.17747497558594,85.23217010498047
2021-07-07,98.53031158447266,47.79837417602539,67.7022705078125,168.75999450683594,406.05963134765625,124.26872253417969,85.52921295166016
2021-07-08,98.64082336425781,46.80257034301758,66.83090209960938,168.64999389648438,402.75103759765625,124.7555923461914,85.28992462158203
2021-07-09,98.31787109375,47.61166763305664,67.96709442138672,169.2100067138672,407.0504150390625,123.0012435913086,86.69273376464844
2021-07-12,98.25833129882812,47.6561164855957,68.25755310058594,169.0,408.50836181640625,122.84175872802734,87.43537902832031
2021-07-13,98.0458755493164,47.7005729675293,67.89875793457031,169.22000122070312,407.11578369140625,121.90158081054688,86.214111328125
2021-07-14,98.3773422241211,47.90507507324219,68.05253601074219,171.0399932861328,407.7232971191406,123.28661346435547,86.81649017333984
2021-07-15,98.5898208618164,48.020652770996094,67.40327453613281,171.07000732421875,406.3306884765625,124.64652252197266,86.95677185058594
2021-07-16,98.50480651855469,47.64722442626953,66.90778350830078,169.41000366210938,403.14361572265625,124.4114761352539,86.8990249633789
2021-07-19,99.02326965332031,46.84702682495117,65.69469451904297,169.61000061035156,397.1900634765625,127.13957214355469,85.31468200683594
2021-07-20,98.92976379394531,46.9981803894043,66.173095703125,169.38999938964844,402.8819274902344,125.91403198242188,87.32809448242188
2021-07-21,98.60680389404297,47.30047607421875,67.18114471435547,168.75999450683594,406.1437683105469,124.3191146850586,87.31983947753906
2021-07-22,98.8362808227539,47.38938903808594,67.206787109375,169.08999633789062,406.9942932128906,125.4942855834961,86.626708984375
2021-07-23,98.76829528808594,46.686988830566406,67.67665100097656,168.55999755859375,411.18145751953125,124.65489196777344,87.34461212158203
2021-07-26,98.68331146240234,45.797882080078125,67.7706069946289,168.16000366210938,412.19091796875,124.28555297851562,87.38587188720703
2021-07-27,98.91278076171875,44.87321853637695,67.49725341796875,168.44000244140625,410.312255859375,125.6118392944336,87.8809585571289
2021-07-28,99.00626373291016,46.09129333496094,67.78770446777344,169.2899932861328,410.1439514160156,125.6202392578125,87.57565307617188
2021-07-29,98.84477233886719,46.32246017456055,68.25755310058594,171.1699981689453,411.84503173828125,124.92352294921875,87.59217071533203
2021-07-30,98.98076629638672,45.87790298461914,67.90730285644531,169.82000732421875,409.844970703125,125.51107788085938,87.70767211914062
2021-08-02,99.19102478027344,46.206878662109375,68.24900817871094,169.61000061035156,408.9850769042969,126.63059997558594,87.51787567138672
2021-08-03,99.22505950927734,46.4024772644043,68.73595428466797,169.49000549316406,412.3123779296875,126.69783020019531,87.62516784667969
2021-08-04,99.21652221679688,46.64253616333008,68.53092956542969,169.52999877929688,410.28424072265625,126.95836639404297,87.35285949707031
2021-08-05,98.9952163696289,46.571407318115234,68.86410522460938,168.86000061035156,412.8825378417969,126.31119537353516,88.37606811523438
2021-08-06,98.55264282226562,46.180198669433594,68.60780334472656,164.63999938964844,413.5647888183594,124.20172119140625,88.21929931640625
2021-08-09,98.37389373779297,46.331356048583984,68.57364654541016,161.72000122070312,413.2283630371094,123.75627136230469,87.74893188476562
2021-08-10,98.24624633789062,46.393585205078125,68.72740173339844,161.77000427246094,413.74237060546875,123.18473815917969,86.9155044555664
2021-08-11,98.33983612060547,46.51805877685547,69.19728088378906,164.0,414.77044677734375,123.10903930664062,87.42710876464844
2021-08-12,98.34838104248047,46.10906982421875,69.13748168945312,164.0399932861328,416.0134582519531,122.90741729736328,87.61689758300781
2021-08-13,98.7058334350586,45.99348831176758,69.55606842041016,166.38999938964844,416.77056884765625,124.84883117675781,88.09552764892578
2021-08-16,98.75694274902344,45.57560729980469,69.19728088378906,167.22000122070312,417.7519226074219,125.1513442993164,87.98824310302734
2021-08-17,98.6803207397461,44.73985290527344,68.54801177978516,166.97000122070312,415.0134582519531,125.10094451904297,87.8974838256836
2021-08-18,98.68885040283203,44.81098175048828,68.28319549560547,167.10000610351562,410.47113037109375,125.52119445800781,87.09705352783203
2021-08-19,98.85906982421875,44.04635238647461,67.60830688476562,166.61000061035156,411.1066589355469,126.44567108154297,87.51787567138672
2021-08-20,98.8675537109375,44.010780334472656,67.87312316894531,166.6999969482422,414.3778381347656,126.5297622680664,87.95524597167969
2021-08-23,98.8675537109375,44.6776123046875,68.50530242919922,168.72999572753906,418.02294921875,126.44567108154297,87.79019927978516
2021-08-24,98.7228775024414,45.691192626953125,68.6505355834961,168.64999389648438,418.6865539550781,125.46231842041016,87.40237426757812
2021-08-25,98.53564453125,45.74454116821289,68.67615509033203,167.47999572753906,419.5650939941406,124.42021179199219,87.34461212158203
2021-08-26,98.54414367675781,45.30888366699219,68.31735229492188,167.6699981689453,417.08831787109375,124.76480865478516,87.37760925292969
2021-08-27,98.81646728515625,45.869014739990234,68.94097900390625,170.19000244140625,420.8175354003906,125.61368560791016,88.29354095458984
2021-08-30,98.9271240234375,45.96682357788086,68.92390441894531,169.35000610351562,422.6680603027344,125.94141387939453,89.17647552490234
2021-08-31,98.78245544433594,46.598079681396484,68.88973999023438,169.69000244140625,422.0418701171875,125.08413696289062,89.59733581542969
2021-09-01,98.8139877319336,47.193782806396484,69.51335906982422,169.6999969482422,422.2661437988281,125.29363250732422,91.03312683105469
2021-09-02,98.91626739501953,46.98039245605469,69.79527282714844,169.25,423.56524658203125,125.84068298339844,91.51173400878906
2021-09-03,98.7458267211914,47.22934341430664,70.11136627197266,171.05999755859375,423.4625244140625,124.6962661743164,91.52823638916016
2021-09-07,98.48155212402344,47.50497055053711,70.16261291503906,167.7100067138672,421.9483947753906,123.64431762695312,90.49675750732422
2021-09-08,98.64349365234375,46.811466217041016,69.60733795166016,167.2899932861328,421.43438720703125,124.48580932617188,90.95060729980469
2021-09-09,98.95887756347656,46.722557067871094,69.48772430419922,168.02999877929688,419.6305236816406,125.99217224121094,89.10224151611328
2021-09-10,98.76286315917969,46.66921615600586,69.3339614868164,167.17999267578125,416.32196044921875,124.88136291503906,87.7984390258789
2021-09-13,98.89070129394531,46.7936897277832,69.88069152832031,167.74000549316406,417.38739013671875,125.63874053955078,88.392578125
2021-09-14,99.1123275756836,46.4024772644043,69.59025573730469,168.82000732421875,415.1348876953125,127.16182708740234,88.23578643798828
2021-09-15,99.01852416992188,46.393585205078125,69.79527282714844,167.8300018310547,418.6024169921875,126.7158432006836,88.51634216308594
2021-09-16,98.84809875488281,45.869014739990234,69.68421173095703,164.02999877929688,417.9388122558594,126.13526153564453,88.59061431884766
2021-09-17,98.76286315917969,45.67341613769531,68.77012634277344,163.77000427246094,413.86767578125,125.5292739868164,87.7984390258789
2021-09-20,98.95034790039062,44.446449279785156,67.49725341796875,164.94000244140625,406.9667663574219,127.08616638183594,87.2620849609375
2021-09-21,98.99300384521484,44.77541732788086,68.16358184814453,166.0399932861328,406.5823974609375,126.97674560546875,87.3033447265625
2021-09-22,99.02706146240234,45.33555221557617,68.50530242919922,165.4199981689453,410.5484619140625,127.73411560058594,88.15328216552734
2021-09-23,98.54124450683594,45.691192626953125,69.24852752685547,163.50999450683594,415.53662109375,124.84770965576172,87.97999572753906
2021-09-24,98.37077331542969,45.14883804321289,68.59928894042969,163.3000030517578,416.2210998535156,123.62755584716797,87.0392837524414
2021-09-27,98.2343978881836,45.44224548339844,68.55655670166016,163.63999938964844,415.0303955078125,123.17308807373047,85.86856079101562
2021-09-28,97.82525634765625,44.855430603027344,67.06155395507812,162.0500030517578,406.66668701171875,121.25443267822266,85.287353515625
2021-09-29,97.89344787597656,44.43755340576172,66.90778350830078,161.32000732421875,407.3511962890625,121.46485137939453,85.92668914794922
2021-09-30,97.87641143798828,44.79319763183594,66.64295196533203,164.22000122070312,402.3724060058594,121.4479751586914,84.50688171386719
2021-10-01,98.17521667480469,44.74874496459961,66.80526733398438,164.58999633789062,407.154296875,122.47001647949219,85.70249938964844
2021-10-04,98.10685729980469,44.09080505371094,66.10475158691406,165.36000061035156,401.9035949707031,122.15823364257812,85.71912384033203
2021-10-05,97.87641906738281,44.40198516845703,66.55752563476562,164.58999633789062,406.0853271484375,120.97869873046875,85.12960815429688
2021-10-06,97.9190902709961,44.15304183959961,66.11329650878906,165.02999877929688,407.7731018066406,121.66111755371094,85.94330596923828
2021-10-07,97.64588165283203,45.015472412109375,66.62586212158203,164.16000366210938,411.298583984375,120.38884735107422,86.17576599121094
2021-10-08,97.4324722290039,45.18440246582031,66.61734008789062,164.22999572753906,410.5484619140625,119.54625701904297,85.36207580566406
2021-10-11,97.2787857055664,45.095489501953125,66.40375518798828,163.9199981689453,407.57623291015625,119.2428970336914,85.57796478271484
2021-10-12,97.6373519897461,44.864322662353516,66.43792724609375,164.66000366210938,406.57293701171875,121.2819595336914,86.69884490966797
2021-10-13,97.85932159423828,45.48670196533203,67.09574127197266,167.58999633789062,408.03558349609375,122.46158599853516,87.32986450195312
2021-10-14,98.04713439941406,45.62895202636719,67.76207733154297,168.0,414.8990783691406,122.91659545898438,88.39263916015625
2021-10-15,97.80809783935547,46.180198669433594,68.3259048461914,165.3300018310547,418.0588073730469,122.20035552978516,88.32623291015625
2021-10-18,97.7397689819336,46.06462097167969,68.03543853759766,164.9199981689453,419.29644775390625,122.77334594726562,88.55040740966797
2021-10-19,97.45806121826172,46.6781005859375,68.44549560546875,165.4499969482422,422.5313415527344,121.07980346679688,88.59188842773438
2021-10-20,97.38977813720703,46.66921615600586,68.68470001220703,166.89999389648438,424.1909484863281,120.262451171875,89.9867935180664
2021-10-21,97.18490600585938,46.366912841796875,68.36006164550781,166.75,425.29730224609375,120.11920166015625,90.11133575439453
2021-10-22,97.3727035522461,46.26911544799805,68.77012634277344,167.77000427246094,424.8565979003906,121.4420394897461,90.53479766845703
2021-10-25,97.46662902832031,46.50917053222656,68.63343811035156,168.92999267578125,427.1350402832031,121.25672149658203,90.82538604736328
2021-10-26,97.64588165283203,46.26911544799805,68.77012634277344,167.67999267578125,427.51947021484375,122.25939178466797,91.074462890625
2021-10-27,97.97029876708984,45.895687103271484,68.49674987792969,168.1199951171875,425.62548828125,124.48383331298828,90.30230712890625
2021-10-28,97.89347076416016,45.94013977050781,69.16310119628906,168.0800018310547,429.7322998046875,124.0625,91.56434631347656
2021-10-29,97.86786651611328,45.2733154296875,68.76158142089844,166.64999389648438,430.60430908203125,124.4416275024414,90.53479766845703
2021-11-01,97.8079833984375,45.62895202636719,69.42792510986328,167.52000427246094,431.344970703125,123.5456771850586,90.98314666748047
2021-11-02,98.0046615600586,45.219970703125,69.28269958496094,167.16000366210938,433.08892822265625,124.09405517578125,91.41490173339844
2021-11-03,97.8079833984375,45.433349609375,69.8465347290039,165.77000427246094,435.7330627441406,122.81171417236328,91.72210693359375
2021-11-04,98.1329345703125,45.326656341552734,69.80382537841797,167.64999389648438,437.7864685058594,124.10250854492188,90.85030364990234
2021-11-05,98.5176773071289,45.2733154296875,69.90633392333984,169.83999633789062,439.30548095703125,125.9585952758789,91.31525421142578
2021-11-08,98.3381576538086,45.691192626953125,69.89779663085938,170.4499969482422,439.6805114746094,125.72233581542969,91.24053192138672
2021-11-09,98.61174774169922,45.513370513916016,69.74402618408203,171.2899932861328,438.2272033691406,127.35904693603516,91.39828491210938
2021-11-10,97.94481658935547,45.326656341552734,68.89826965332031,173.14999389648438,434.70166015625,125.03057098388672,90.97484588623047
2021-11-11,97.7652587890625,46.10906982421875,69.1460189819336,174.1199951171875,434.8423156738281,124.84492492675781,91.12427520751953
2021-11-12,97.7481460571289,46.23355484008789,69.52188873291016,174.4499969482422,438.1239929199219,124.2966079711914,91.05786895751953
2021-11-15,97.38905334472656,46.082401275634766,69.39376068115234,174.17999267578125,438.2740173339844,122.73580932617188,91.69717407226562
2021-11-16,97.35482025146484,46.14463806152344,69.23998260498047,172.9199981689453,440.0086364746094,122.4236068725586,91.09107208251953
2021-11-17,97.58568572998047,45.904579162597656,69.15454864501953,174.5,438.93975830078125,123.39385223388672,91.37339782714844
2021-11-18,97.67122650146484,45.34444046020508,69.22291564941406,173.94000244140625,440.4305725097656,123.85792541503906,91.38998413085938
2021-11-19,97.85931396484375,45.2733154296875,68.63343811035156,172.61000061035156,439.6430358886719,125.16545867919922,90.85030364990234
2021-11-22,97.38905334472656,44.90877914428711,68.23194122314453,168.74000549316406,438.4053039550781,123.69754028320312,90.40193939208984
2021-11-23,97.00426483154297,44.864322662353516,68.16358184814453,167.27999877929688,438.9866638183594,121.9089584350586,91.1325912475586
2021-11-24,97.22660064697266,44.802093505859375,67.7108154296875,167.1199951171875,440.1587219238281,123.86624908447266,92.23688507080078
2021-11-26,97.91915130615234,43.299495697021484,65.89118194580078,166.85000610351562,430.34173583984375,126.99623107910156,89.6712875366211
2021-11-29,97.97044372558594,43.46842575073242,66.22435760498047,166.6199951171875,435.6205749511719,125.9754867553711,90.33553314208984
2021-11-30,98.1329345703125,43.42397689819336,65.64342498779297,165.5,427.1444091796875,127.89051055908203,88.62512969970703
2021-12-01,98.15177917480469,43.584007263183594,65.2675552368164,166.16000366210938,422.40008544921875,128.67947387695312,87.16381072998047
2021-12-02,98.1346206665039,44.117469787597656,66.07911682128906,165.24000549316406,428.86968994140625,128.83998107910156,89.77921295166016
2021-12-03,98.52850341796875,43.49509811401367,65.80574798583984,166.6300048828125,425.1379699707031,130.3772735595703,89.48031616210938
2021-12-06,98.18600463867188,43.83295822143555,66.43792724609375,166.22000122070312,430.17303466796875,128.58656311035156,91.0495834350586
2021-12-07,98.03186798095703,44.526458740234375,67.83895111083984,166.80999755859375,439.0710144042969,127.54757690429688,92.3614273071289
2021-12-08,97.7750015258789,44.704280853271484,67.96709442138672,166.89999389648438,440.23370361328125,125.34295654296875,93.0256576538086
2021-12-09,97.78355407714844,44.490901947021484,67.40327453613281,165.8800048828125,437.26141357421875,126.04407501220703,91.68060302734375
2021-12-10,97.80923461914062,44.526458740234375,67.54849243164062,166.5800018310547,441.37750244140625,125.73997497558594,91.96289825439453
2021-12-13,98.15177917480469,43.8203239440918,66.9157485961914,167.0,437.46771240234375,127.59832763671875,92.8263931274414
2021-12-14,97.96337127685547,43.72112274169922,66.55941772460938,165.44000244140625,434.4579162597656,127.2942123413086,91.63907623291016
2021-12-15,97.88631439208984,43.59486389160156,67.46331787109375,166.14999389648438,441.24639892578125,126.06941986083984,92.92601776123047
2021-12-16,98.02088165283203,43.64897155761719,67.47200775146484,168.16000366210938,437.355224609375,126.11844635009766,92.89279174804688
2021-12-17,98.14088439941406,43.43253707885742,66.62024688720703,167.8000030517578,432.7004089355469,127.54756164550781,92.77655029296875
2021-12-20,97.99517822265625,42.78321075439453,66.47250366210938,167.08999633789062,428.0993957519531,126.59201049804688,92.05421447753906
2021-12-21,97.91806030273438,43.504676818847656,67.21126556396484,167.02000427246094,435.7019958496094,126.11001586914062,93.09208679199219
2021-12-22,98.00373840332031,43.71210479736328,67.83705139160156,168.58999633789062,440.0585021972656,126.6935043334961,94.04691314697266
2021-12-23,97.88370513916016,43.937564849853516,68.23686981201172,168.97000122070312,442.79656982421875,125.59416961669922,93.947265625
2021-12-27,97.9351806640625,44.135963439941406,68.76704406738281,169.3699951171875,449.0630187988281,125.89859008789062,95.54217529296875
2021-12-28,97.89229583740234,43.991676330566406,68.79313659667969,168.63999938964844,448.69610595703125,125.3996810913086,95.89415740966797
2021-12-29,97.60088348388672,43.79326248168945,68.76704406738281,168.58999633789062,449.27008056640625,124.02970123291016,96.53948974609375
2021-12-30,97.8151626586914,44.29496383666992,68.58676147460938,169.8000030517578,448.028076171875,125.06980895996094,96.95854187011719
2021-12-31,97.78089904785156,44.078399658203125,68.52578735351562,170.9600067138672,446.89892578125,125.31510162353516,97.22672271728516
2022-01-03,97.11233520507812,44.39421844482422,68.96997833251953,168.3300018310547,449.4864196777344,122.02555084228516,96.46405029296875
2022-01-04,97.10375213623047,44.240814208984375,69.36189270019531,169.57000732421875,449.3359375,121.51818084716797,96.34672546386719
2022-01-05,96.80378723144531,43.51896286010742,68.75223541259766,169.05999755859375,440.7076721191406,120.85861206054688,93.58941650390625
2022-01-06,96.70091247558594,43.71747589111328,68.40386199951172,166.99000549316406,440.293701171875,121.17147827148438,93.67322540283203
2022-01-07,96.41808319091797,44.114498138427734,68.60417938232422,167.75,438.55303955078125,120.30047607421875,93.05303955078125
2022-01-10,96.33232879638672,44.114498138427734,67.96839141845703,168.25999450683594,438.0072326660156,120.5964126586914,92.51667022705078
2022-01-11,96.51233673095703,45.13412094116211,68.70870208740234,170.2899932861328,441.9966735839844,121.39981079101562,92.65912628173828
2022-01-12,96.51233673095703,45.8830451965332,69.37932586669922,170.74000549316406,443.191650390625,120.9346923828125,92.7680892944336
2022-01-13,96.68379211425781,45.233375549316406,68.87417602539062,170.16000366210938,437.0851135253906,122.0086441040039,92.58370971679688
2022-01-14,96.14376831054688,45.21533203125,68.80448913574219,169.6699981689453,437.263916015625,120.16519165039062,91.74562072753906
2022-01-18,95.5609359741211,44.412261962890625,67.79419708251953,169.38999938964844,429.5201721191406,118.4738998413086,90.78181457519531
2022-01-19,95.76664733886719,44.60175323486328,67.73323822021484,172.0800018310547,425.0601501464844,119.2942123413086,89.55818939208984
2022-01-20,95.81806182861328,44.86342239379883,67.40228271484375,171.64999389648438,420.3555908203125,120.02989959716797,88.41001892089844
2022-01-21,96.19522094726562,44.213748931884766,66.48778533935547,171.08999633789062,412.10369873046875,121.45901489257812,88.19212341308594
2022-01-24,96.08377838134766,43.591148376464844,65.82586669921875,172.02999877929688,413.8538818359375,120.4611587524414,88.35975646972656
2022-01-25,95.9894790649414,43.509944915771484,65.42523956298828,172.5800018310547,408.8011169433594,120.26665496826172,88.00775909423828
2022-01-26,95.44952392578125,42.95952606201172,65.17266082763672,169.7899932861328,407.7755432128906,118.81212615966797,86.63327026367188
2022-01-27,95.76664733886719,42.4632453918457,64.86783599853516,167.60000610351562,405.76190185546875,120.99388885498047,85.20014190673828
2022-01-28,95.83522033691406,42.670780181884766,65.0855712890625,167.10000610351562,415.8392028808594,121.0361557006836,87.95745849609375
2022-01-31,95.82667541503906,44.06938171386719,66.03489685058594,168.08999633789062,423.328857421875,120.41035461425781,89.03857421875
2022-02-01,95.79318237304688,44.3400764465332,66.66197204589844,168.22999572753906,426.18927001953125,120.01068115234375,88.7201156616211
2022-02-02,95.89617156982422,44.26789093017578,67.15841674804688,168.83999633789062,430.3293762207031,120.41719055175781,89.8515396118164
2022-02-03,95.50990295410156,43.798683166503906,66.0958480834961,168.60000610351562,420.2145080566406,119.47720336914062,88.89612579345703
2022-02-04,94.90906524658203,43.90696716308594,66.25263214111328,168.86000061035156,422.19036865234375,117.71583557128906,88.01612854003906
2022-02-07,94.9948959350586,43.81672286987305,66.36585998535156,170.11000061035156,420.8354797363281,117.79206848144531,87.89041137695312
2022-02-08,94.70305633544922,44.240814208984375,66.70551300048828,170.6300048828125,424.2980651855469,117.00447082519531,87.479736328125
2022-02-09,94.76313781738281,44.93560791015625,67.78548431396484,171.2100067138672,430.50811767578125,117.22469329833984,89.4576187133789
2022-02-10,93.88760375976562,44.63784408569336,66.92324829101562,170.55999755859375,422.77374267578125,115.36166381835938,87.34565734863281
2022-02-11,94.50562286376953,43.96110153198242,65.91297149658203,173.80999755859375,414.437255859375,117.07225799560547,86.54947662353516
2022-02-14,93.95629119873047,43.65431594848633,65.48619842529297,174.74000549316406,413.082275390625,115.61573791503906,85.76166534423828
2022-02-15,93.80178833007812,44.60175323486328,66.6881103515625,173.0800018310547,419.7440185546875,114.30315399169922,86.53271484375
2022-02-16,93.91336822509766,44.92658996582031,66.940673828125,174.86000061035156,420.2145080566406,114.98065185546875,86.93498229980469
2022-02-17,94.11076354980469,44.40324401855469,65.86070251464844,177.25,411.2381286621094,115.83589172363281,86.0130844116211
2022-02-18,94.3082046508789,43.96110153198242,65.58201599121094,177.1199951171875,408.5753173828125,117.05529022216797,85.49346160888672
2022-02-22,94.20520782470703,43.3385009765625,64.81556701660156,177.49000549316406,404.1905822753906,117.36015319824219,85.18338012695312
2022-02-23,93.78461456298828,42.83319854736328,64.28429412841797,178.2899932861328,397.02081298828125,115.74275970458984,83.77540588378906
2022-02-24,93.95629119873047,41.94892501831055,63.42206954956055,177.13999938964844,402.9956970214844,115.81895446777344,85.18338012695312
2022-02-25,94.05068969726562,42.724910736083984,65.00718688964844,176.5500030517578,411.8872985839844,115.90365600585938,87.2366943359375
2022-02-28,94.72882080078125,42.16547775268555,63.770442962646484,178.3800048828125,410.83349609375,118.44410705566406,85.93766784667969
2022-03-01,95.26262664794922,41.606048583984375,62.3769416809082,181.6199951171875,404.5763854980469,119.81346893310547,85.48509979248047
2022-03-02,94.11931610107422,41.67823028564453,63.1607780456543,179.72999572753906,412.0190734863281,115.71802520751953,87.08586120605469
2022-03-03,94.4373779296875,41.09172058105469,61.91533279418945,180.8000030517578,409.96783447265625,116.8966064453125,87.7982177734375
2022-03-04,94.81561279296875,40.26158142089844,60.12119674682617,183.67999267578125,406.6369323730469,118.91468811035156,88.20049285888672
2022-03-07,94.26547241210938,38.754703521728516,58.21381759643555,186.41000366210938,394.649658203125,118.00740814208984,86.45728302001953
2022-03-08,93.9301986694336,38.88103485107422,58.71897506713867,191.50999450683594,391.6575622558594,116.8202896118164,86.0382308959961
2022-03-09,93.73249816894531,39.98185729980469,61.1750373840332,185.82000732421875,402.1581726074219,115.67555236816406,87.36241149902344
2022-03-10,93.20813751220703,39.232940673828125,60.443443298339844,186.39999389648438,400.3422546386719,114.01363372802734,87.580322265625
2022-03-11,93.19094848632812,38.41182327270508,59.79024124145508,185.08999633789062,395.25189208984375,114.39517974853516,86.88471221923828
2022-03-14,92.28833770751953,37.48243713378906,60.338932037353516,182.3000030517578,392.36322021484375,111.72416687011719,86.20585632324219
2022-03-15,92.49465942382812,37.53657913208008,60.91374969482422,178.88999938964844,400.9914855957031,111.52915954589844,86.78412628173828
2022-03-16,92.56343078613281,40.55934524536133,63.09981918334961,180.00999450683594,409.8830871582031,112.62300109863281,87.81497955322266
2022-03-17,92.71814727783203,40.35181427001953,63.63108825683594,180.88999938964844,415.0112609863281,111.78353118896484,89.17269134521484
2022-03-18,92.92448425292969,40.92929458618164,64.24946594238281,179.3000030517578,419.55670166015625,113.14872741699219,89.17269134521484
2022-03-21,92.01325988769531,40.29767608642578,63.84881591796875,180.6699981689453,419.4339904785156,110.52857971191406,88.62793731689453
2022-03-22,91.76396179199219,41.028560638427734,64.44978332519531,179.36000061035156,424.3419494628906,109.112548828125,88.85420227050781
2022-03-23,92.14220428466797,40.75785827636719,63.613685607910156,181.80999755859375,418.877197265625,111.50373077392578,87.85733032226562
2022-03-24,91.93592834472656,40.97441482543945,64.20591735839844,183.1300048828125,425.1914367675781,110.63036346435547,88.41349792480469
2022-03-25,91.20520782470703,40.64958572387695,64.24075317382812,182.3800048828125,427.2679138183594,109.09557342529297,89.51741027832031
2022-03-28,91.42876434326172,40.78493118286133,64.03173065185547,179.05999755859375,430.30706787109375,110.02831268310547,90.4696044921875
2022-03-29,91.85855865478516,41.47971725463867,65.45136260986328,179.13999938964844,435.63037109375,110.8592758178711,93.1240463256836
2022-03-30,92.10782623291016,41.36241149902344,65.18136596679688,180.5800018310547,432.9403991699219,111.72416687011719,92.44989776611328
2022-03-31,92.06483459472656,40.73981475830078,64.10140228271484,180.64999389648438,426.2769470214844,111.99554443359375,91.32072448730469
2022-04-01,91.90129852294922,41.41655731201172,64.70234680175781,179.5,427.48504638671875,112.4218521118164,93.09876251220703
2022-04-04,91.97875213623047,42.147438049316406,64.96363830566406,180.3699951171875,431.1470031738281,111.64055633544922,92.64373779296875
2022-04-05,91.04898071289062,41.371437072753906,64.083984375,179.24000549316406,425.7010498046875,109.11831665039062,92.18868255615234
2022-04-06,90.81654357910156,40.830039978027344,63.31755065917969,179.66000366210938,421.4443359375,108.23513793945312,93.28414916992188
2022-04-07,90.61853790283203,40.50521469116211,63.4569091796875,180.33999633789062,423.5679931640625,107.41986083984375,92.35720825195312
2022-04-08,90.1622543334961,40.54130554199219,63.4830322265625,181.47000122070312,422.4354248046875,106.25640106201172,92.50889587402344
2022-04-11,89.77483367919922,40.0359992980957,62.81241226196289,182.3699951171875,415.2150573730469,104.57491302490234,91.5145492553711
2022-04-12,90.05895233154297,39.90967559814453,62.342098236083984,183.77000427246094,413.6766357421875,104.43054962158203,91.37970733642578
2022-04-13,90.23973846435547,40.43302536010742,63.01272964477539,184.64999389648438,418.4146728515625,104.64286041259766,92.02857971191406
2022-04-14,89.50796508789062,39.90967559814453,62.72531509399414,184.0399932861328,413.2047119140625,102.54524993896484,91.63251495361328
2022-04-18,89.23247528076172,39.77432632446289,62.3595085144043,184.61000061035156,413.3745422363281,102.03568267822266,91.26174926757812
2022-04-19,88.69010162353516,39.5758171081543,62.6556396484375,181.82000732421875,420.0475158691406,101.27140808105469,93.25045776367188
2022-04-20,89.19802856445312,39.34121322631836,63.07368469238281,182.7100067138672,419.7360534667969,103.30953216552734,94.80095672607422
2022-04-21,88.70733642578125,38.58326721191406,62.39435958862305,182.05999755859375,413.4595642089844,102.54524993896484,94.14368438720703
2022-04-22,88.62124633789062,38.240386962890625,61.37535858154297,180.2899932861328,402.1145324707031,101.8998031616211,92.49205017089844
2022-04-25,89.21527099609375,37.960662841796875,61.079219818115234,177.0500030517578,404.44580078125,102.91888427734375,92.25609588623047
2022-04-26,89.49076080322266,37.13053512573242,59.3721809387207,177.32000732421875,392.73272705078125,103.95496368408203,90.73927307128906
2022-04-27,89.1291732788086,37.563636779785156,59.64218521118164,175.97999572753906,393.8370056152344,102.62166595458984,90.14098358154297
2022-04-28,89.09474182128906,38.10503005981445,60.48698806762695,176.92999267578125,403.78515625,102.77452087402344,91.8010482788086
2022-04-29,88.56098937988281,38.240386962890625,59.781532287597656,176.91000366210938,388.863037109375,101.44121551513672,87.58768463134766
2022-05-02,88.07887268066406,38.18624496459961,59.63346481323242,173.6300048828125,391.20367431640625,99.682861328125,85.4725570678711
2022-05-03,88.27725219726562,38.465965270996094,60.07764434814453,174.08999633789062,392.99700927734375,100.35491943359375,86.5343246459961
2022-05-04,88.8464584350586,38.88103485107422,61.13148880004883,175.8000030517578,404.96490478515625,100.90786743164062,87.52867889404297
2022-05-05,87.96678161621094,37.44633865356445,59.16315460205078,175.1300048828125,390.57135009765625,98.14314270019531,85.19447326660156
2022-05-06,87.59590911865234,36.932010650634766,58.58833312988281,175.4199981689453,388.2400817871094,96.69700622558594,84.18325805664062
2022-05-09,88.02714538574219,35.867271423339844,56.820316314697266,172.8800048828125,375.8096618652344,97.54765319824219,80.47550201416016
2022-05-10,88.29448699951172,36.03872299194336,57.24708557128906,171.4199981689453,376.6780090332031,98.43235778808594,79.00924682617188
2022-05-11,88.62223815917969,35.786067962646484,56.907413482666016,172.82000732421875,370.6940002441406,100.32938385009766,78.84070587158203
2022-05-12,88.78608703613281,35.55146789550781,56.76806640625,170.1699981689453,370.3070068359375,100.14224243164062,79.45585632324219
2022-05-13,88.40660858154297,36.53499984741211,58.3444709777832,168.7899932861328,379.1602478027344,98.66206359863281,81.55413818359375
2022-05-16,88.6049575805664,36.390628814697266,58.396728515625,170.39999389648438,377.6217956542969,98.5599594116211,81.04007720947266
2022-05-17,88.12199401855469,37.28392028808594,59.485408782958984,169.3300018310547,385.3896179199219,97.3690185546875,82.14399719238281
2022-05-18,88.47561645507812,36.390628814697266,58.06576919555664,169.4199981689453,369.85400390625,99.44468688964844,79.75922393798828
2022-05-19,88.69982147216797,36.968109130859375,58.6231689453125,171.91000366210938,367.5887451171875,99.682861328125,79.40528869628906
2022-05-20,88.96717071533203,37.12150955200195,59.0238037109375,172.02999877929688,367.7492370605469,100.81429290771484,79.91090393066406
2022-05-23,88.67394256591797,37.40122604370117,60.02538299560547,172.8300018310547,374.62982177734375,99.15544891357422,80.83784484863281
2022-05-24,89.35527038574219,36.751548767089844,59.929588317871094,174.1300048828125,371.77001953125,101.11202239990234,81.5204086303711
2022-05-25,89.72612762451172,36.932010650634766,59.94700622558594,173.0800018310547,375.05462646484375,101.51183319091797,82.21141815185547
2022-05-26,89.65714263916016,37.50950241088867,60.60891342163086,172.75999450683594,382.5486755371094,101.05245208740234,82.31253051757812
2022-05-27,89.80372619628906,37.942623138427734,61.340518951416016,172.85000610351562,391.93994140625,101.29915618896484,84.52033233642578
2022-05-31,89.23452758789062,38.4749870300293,60.974727630615234,171.13999938964844,389.74072265625,99.15544891357422,83.48384094238281
2022-06-01,88.86821746826172,38.204288482666016,60.33021545410156,172.22999572753906,386.5883483886719,99.04209899902344,82.7928466796875
2022-06-02,88.98052215576172,38.86298370361328,61.584381103515625,174.35000610351562,393.95025634765625,99.09324645996094,83.93046569824219
2022-06-03,88.8336410522461,38.231361389160156,60.7047233581543,172.5800018310547,387.4849853515625,98.88021087646484,82.80970764160156
2022-06-06,88.28934478759766,38.43889236450195,60.94858932495117,171.82000732421875,388.664794921875,97.05647277832031,82.54846954345703
2022-06-07,88.62628936767578,38.556190490722656,61.13148880004883,172.94000244140625,392.3929443359375,98.10470581054688,83.68606567382812
2022-06-08,88.263427734375,38.763729095458984,60.2779541015625,172.77999877929688,388.12677001953125,97.23543548583984,81.75635528564453
2022-06-09,88.16840362548828,37.846458435058594,59.01209259033203,172.22999572753906,378.89599609375,97.55928802490234,79.8182144165039
2022-06-10,87.48585510253906,37.42787170410156,57.587745666503906,174.5399932861328,367.9096374511719,96.95420837402344,78.048583984375
2022-06-13,86.0516586303711,36.11747741699219,55.68269348144531,169.92999267578125,353.9408264160156,93.91187286376953,74.1469955444336
2022-06-14,85.54191589355469,36.617977142333984,55.157474517822266,168.57000732421875,352.874267578125,92.72734832763672,73.58240509033203
2022-06-15,86.49229431152344,37.10026931762695,56.19011306762695,170.77000427246094,357.90496826171875,94.45731353759766,75.32672882080078
2022-06-16,86.69962310791016,35.96278381347656,54.95272445678711,172.69000244140625,346.0597229003906,95.2072525024414,73.3464584350586
2022-06-17,86.6910171508789,36.09927749633789,54.730167388916016,171.27000427246094,346.8056640625,95.51402282714844,73.90261840820312
2022-06-21,86.34541320800781,36.68167495727539,55.558067321777344,170.6300048828125,355.5361328125,93.89481353759766,74.93069458007812
2022-06-22,87.07980346679688,36.02648162841797,55.184181213378906,171.30999755859375,354.8915100097656,96.47702026367188,75.88290405273438
2022-06-23,87.44265747070312,36.135684967041016,55.121864318847656,170.25999450683594,358.370361328125,97.26953125,77.32457733154297
2022-06-24,87.30442810058594,36.99107360839844,56.76875305175781,170.08999633789062,369.7642517089844,95.92308044433594,78.96977996826172
2022-06-27,86.9156265258789,37.03657150268555,56.528404235839844,169.89999389648438,368.35186767578125,95.10497283935547,78.85107421875
2022-06-28,86.95020294189453,36.8090705871582,56.145606994628906,169.6199951171875,360.8254089355469,95.54810333251953,77.89277648925781
2022-06-29,87.45130920410156,36.66347885131836,55.93196105957031,169.49000549316406,360.5316467285156,97.03946685791016,77.40939331054688
2022-06-30,87.84871673583984,36.49057388305664,55.6292839050293,168.4600067138672,357.60260009765625,97.89160919189453,77.26524353027344
2022-07-01,88.58098602294922,36.26308059692383,55.7628173828125,168.32000732421875,361.3847351074219,98.89664459228516,78.656005859375
2022-07-05,88.74542236328125,35.980979919433594,54.569942474365234,164.75,362.0672912597656,99.6737060546875,78.4355239868164
2022-07-06,88.14820861816406,35.7625846862793,54.614444732666016,162.13999938964844,363.2900390625,98.0000991821289,78.29135131835938
2022-07-07,87.94915771484375,36.481475830078125,55.44234085083008,162.22999572753906,368.73101806640625,97.13764953613281,78.50337219238281
2022-07-08,87.62020111083984,36.481475830078125,55.50465393066406,162.3000030517578,368.42779541015625,96.06175231933594,78.08782196044922
2022-07-11,88.0270004272461,35.50778579711914,54.60554504394531,161.42999267578125,364.21905517578125,97.71829223632812,77.91822052001953
2022-07-12,88.14820861816406,35.37128448486328,54.59664535522461,160.8300018310547,360.99609375,98.2989501953125,77.61292266845703
2022-07-13,88.46847534179688,35.28939437866211,54.569942474365234,161.60000610351562,359.1002502441406,99.42607879638672,77.23978424072266
2022-07-14,88.15686798095703,34.97089385986328,53.804351806640625,159.3300018310547,358.2281799316406,98.61485290527344,76.54440307617188
2022-07-15,88.50309753417969,35.15289306640625,54.658958435058594,159.00999450683594,365.0721130371094,99.16989135742188,77.84188842773438
2022-07-18,88.21746826171875,35.39858627319336,54.881507873535156,159.16000366210938,362.05780029296875,98.13670349121094,77.2906723022461
2022-07-19,88.09625244140625,35.980979919433594,56.37705993652344,159.5399932861328,371.84027099609375,97.6072769165039,79.29205322265625
2022-07-20,88.03567504882812,35.82628631591797,56.003170013427734,158.0399932861328,374.2100524902344,97.86344909667969,79.10546875
2022-07-21,88.77143096923828,36.23577880859375,56.58181381225586,160.27000427246094,378.020751953125,99.55413818359375,79.73301696777344
2022-07-22,89.4638442993164,35.87177658081055,56.43937301635742,160.6699981689453,374.5134582519531,101.22779083251953,80.14856719970703
2022-07-25,89.13495635986328,35.99918746948242,56.875579833984375,160.22999572753906,374.9683837890625,100.2373046875,80.28424835205078
2022-07-26,89.11764526367188,35.71708297729492,56.08329772949219,160.0399932861328,370.5321350097656,100.31413269042969,80.36905670166016
2022-07-27,89.42923736572266,36.38137435913086,57.409706115722656,161.6699981689453,380.153564453125,99.75054931640625,80.85244750976562
2022-07-28,90.06970977783203,36.536075592041016,57.70347595214844,163.63999938964844,384.9216003417969,100.54467010498047,83.47289276123047
2022-07-29,90.0783920288086,36.36317825317383,58.504669189453125,164.10000610351562,390.5333251953125,100.27141571044922,83.92236328125
2022-08-01,90.390625,36.05377960205078,58.58477783203125,165.02999877929688,389.3768310546875,102.68630981445312,83.24393463134766
2022-08-02,89.46267700195312,35.880882263183594,57.65006637573242,164.0500030517578,386.8079528808594,100.51347351074219,82.17540740966797
2022-08-03,89.86155700683594,36.1629753112793,57.988346099853516,164.4499969482422,392.86517333984375,102.0960464477539,82.43829345703125
2022-08-04,90.07839965820312,36.41777801513672,58.28211212158203,167.1699981689453,392.5997314453125,102.06182098388672,82.31107330322266
2022-08-05,89.07242584228516,36.45417785644531,57.872623443603516,165.2899932861328,391.9361877441406,99.63239288330078,82.54005432128906
2022-08-08,89.4800033569336,36.49967575073242,58.00614929199219,166.69000244140625,391.481201171875,101.2406005859375,83.2778549194336
2022-08-09,89.28056335449219,36.36317825317383,57.694576263427734,167.1999969482422,389.9266052246094,100.84711456298828,83.73577880859375
2022-08-10,89.50603485107422,36.81816482543945,58.9942741394043,166.77999877929688,398.1165771484375,100.18844604492188,85.00785064697266
2022-08-11,89.02906799316406,36.96376419067383,58.976478576660156,166.33999633789062,398.1165771484375,97.85310363769531,84.8043212890625
2022-08-12,89.427978515625,37.35506057739258,59.43048858642578,167.8699951171875,404.8562927246094,98.84541320800781,86.26296997070312
2022-08-15,89.54071807861328,37.18216323852539,59.074398040771484,165.7100067138672,406.5246887207031,98.75987243652344,86.61067199707031
2022-08-16,89.41061401367188,37.173065185546875,59.05659484863281,165.4199981689453,407.3209228515625,99.17047119140625,86.3816909790039
2022-08-17,88.88163757324219,37.01837158203125,58.58477783203125,164.35000610351562,404.42974853515625,98.13539123535156,85.8644027709961
2022-08-18,89.07242584228516,36.8090705871582,58.388938903808594,163.9199981689453,405.605224609375,98.28085327148438,85.29619598388672
2022-08-19,88.4480209350586,36.30857849121094,57.587745666503906,162.72000122070312,400.1546936035156,96.6982650756836,84.39726257324219
2022-08-22,88.06644439697266,35.990081787109375,56.60851287841797,161.63999938964844,391.82244873046875,96.37318420410156,82.5570297241211
2022-08-23,88.03175354003906,36.181175231933594,56.63521957397461,162.77000427246094,390.8744812011719,95.84282684326172,81.49695587158203
2022-08-24,87.79757690429688,36.17207336425781,56.70643997192383,163.25,392.1257629394531,95.14137268066406,81.96338653564453
2022-08-25,88.2832260131836,36.954673767089844,57.32958984375,163.75,397.6616516113281,96.46729278564453,83.18456268310547
2022-08-26,88.1185073852539,36.40867233276367,55.825130462646484,161.75999450683594,384.201171875,97.19440460205078,81.08989715576172
2022-08-29,87.69354248046875,36.181175231933594,55.700504302978516,161.86000061035156,381.6607666015625,96.39031219482422,80.360595703125
2022-08-30,87.80628204345703,35.75347900390625,55.29990005493164,160.50999450683594,377.4709777832031,96.62982940673828,79.24964904785156
2022-08-31,87.33797454833984,35.880882263183594,54.926025390625,159.27000427246094,374.5987854003906,95.70594787597656,78.87651062011719
2022-09-01,86.95907592773438,35.59878921508789,54.1871452331543,157.8699951171875,375.7742004394531,93.95376586914062,79.02068328857422
2022-09-02,87.21110534667969,35.27118682861328,53.8310546875,159.25999450683594,371.8118591308594,94.4852523803711,77.91822052001953
2022-09-06,86.39423370361328,34.85259246826172,53.69752883911133,158.3300018310547,370.40899658203125,92.14497375488281,78.6220932006836
2022-09-07,86.99382781982422,35.161991119384766,54.169342041015625,159.94000244140625,377.0633239746094,93.60227966308594,80.15705108642578
2022-09-08,86.71578216552734,34.97089385986328,54.20494842529297,158.97999572753906,379.5279541015625,92.64218139648438,80.3775405883789
2022-09-09,86.70706939697266,35.48958969116211,55.584774017333984,159.82000732421875,385.4239501953125,92.84791564941406,81.25102233886719
2022-09-12,86.57674407958984,36.01738357543945,56.3592529296875,160.6300048828125,389.5663757324219,92.0849609375,82.03970336914062
2022-09-13,86.09008026123047,34.907188415527344,54.40079116821289,158.5399932861328,372.6271057128906,92.29927062988281,78.90194702148438
2022-09-14,86.20309448242188,35.08009338378906,54.57883834838867,157.92999267578125,374.04901123046875,92.61646270751953,78.00302124023438
2022-09-15,85.94239807128906,34.706993103027344,54.098121643066406,154.97999572753906,369.8022766113281,92.55643463134766,76.56134796142578
2022-09-16,85.88157653808594,34.38850021362305,53.768741607666016,155.83999633789062,366.9810791015625,91.78495788574219,76.56982421875
2022-09-19,85.75118255615234,34.49769973754883,53.9556884765625,155.9600067138672,369.82696533203125,91.99923706054688,76.45957946777344
2022-09-20,85.36885070800781,34.306602478027344,53.03877639770508,155.07000732421875,365.5819396972656,91.08199310302734,74.60237121582031
2022-09-21,85.63822937011719,33.733299255371094,52.34440231323242,155.7899932861328,359.2047424316406,92.60787963867188,73.42357635498047
2022-09-22,84.725830078125,33.56951141357422,52.19307327270508,155.6999969482422,356.1875,90.24192810058594,72.49073791503906
2022-09-23,84.4651107788086,32.74142074584961,50.52836990356445,153.00999450683594,350.21966552734375,90.61051177978516,71.52721405029297
2022-09-26,83.37887573242188,32.34102249145508,49.780601501464844,151.22999572753906,346.7550354003906,88.87886047363281,69.52129364013672
2022-09-27,83.0226058959961,32.304622650146484,49.44232177734375,151.5399932861328,345.869873046875,86.53860473632812,68.59550476074219
2022-09-28,84.36085510253906,32.58671951293945,50.63520431518555,154.69000244140625,352.67529296875,89.43606567382812,70.01849365234375
2022-09-29,83.91764068603516,31.858728408813477,50.038761138916016,154.66000366210938,345.308349609375,88.97319030761719,67.96115112304688
2022-09-30,83.7177734375,31.740436553955078,49.860713958740234,154.6699981689453,339.9686279296875,87.8244857788086,68.72406005859375
2022-10-03,84.39795684814453,32.25912857055664,50.84885025024414,158.42999267578125,348.9442138671875,89.21997833251953,69.94991302490234
2022-10-04,84.62438201904297,33.3147087097168,52.88743591308594,160.6999969482422,359.7568359375,88.97077941894531,71.36434173583984
2022-10-05,84.18022155761719,33.33291244506836,52.326602935791016,159.80999755859375,358.9192810058594,88.12007141113281,69.96704864501953
2022-10-06,83.84928894042969,33.13270950317383,51.40968322753906,159.6300048828125,355.2167053222656,87.63029479980469,68.02115631103516
2022-10-07,83.40513610839844,32.441123962402344,50.590694427490234,157.8800048828125,345.308349609375,86.77959442138672,66.38383483886719
2022-10-10,83.03064727783203,31.986127853393555,50.305824279785156,155.47999572753906,342.6717834472656,85.43048095703125,65.75804901123047
2022-10-11,83.08291625976562,31.47652816772461,49.7538948059082,155.16000366210938,340.50164794921875,85.8085708618164,66.42670440673828
2022-10-12,83.15257263183594,31.51293182373047,49.593650817871094,155.99000549316406,339.3785400390625,86.22964477539062,65.73233032226562
2022-10-13,82.89130401611328,31.60393524169922,50.617401123046875,154.91000366210938,348.3350830078125,85.40471649169922,66.9324722290039
2022-10-14,82.43843841552734,31.130741119384766,49.860713958740234,152.97999572753906,340.3969421386719,84.70012664794922,65.26944732666016
2022-10-17,82.61261749267578,31.986127853393555,51.089210510253906,153.4199981689453,349.14410400390625,84.28764343261719,67.72967529296875
2022-10-18,82.75196838378906,31.9952335357666,51.454200744628906,153.75,353.2464599609375,84.48526000976562,68.46691131591797
2022-10-19,82.03785705566406,31.412832260131836,50.82215118408203,151.69000244140625,350.7431335449219,82.9471435546875,66.76102447509766
2022-10-20,81.5414047241211,31.613033294677734,50.7064208984375,151.4499969482422,347.802001953125,81.52934265136719,66.46954345703125
2022-10-21,81.66336059570312,32.095333099365234,51.62334060668945,154.14999389648438,356.2541809082031,80.05992126464844,66.99247741699219
2022-10-24,81.55012512207031,30.875944137573242,51.632240295410156,153.64999389648438,360.6134033203125,79.39827728271484,66.98390197753906
2022-10-25,82.35136413574219,31.130741119384766,52.771705627441406,154.0,366.3719177246094,81.70977020263672,69.6156005859375
2022-10-26,82.7171401977539,31.640335083007812,53.270225524902344,154.97999572753906,363.6116943359375,82.88700103759766,69.57272338867188
2022-10-27,83.1351547241211,31.394636154174805,52.771705627441406,154.74000549316406,361.66998291015625,83.7548828125,69.67560577392578
2022-10-28,82.92616271972656,31.203535079956055,53.29693603515625,153.16000366210938,370.2743225097656,83.17919158935547,71.21004486083984
2022-10-31,82.6474609375,31.112533569335938,52.79841995239258,151.91000366210938,367.59967041015625,82.58624267578125,71.13290405273438
2022-11-01,82.80106353759766,31.68583106994629,53.21681213378906,153.4600067138672,365.99127197265625,83.35807037353516,71.10716247558594
2022-11-02,82.66143035888672,31.42193603515625,52.44232940673828,152.38999938964844,356.8061828613281,82.99627685546875,69.15269470214844
2022-11-03,82.35591125488281,31.60393524169922,51.997222900390625,151.80999755859375,353.1322326660156,82.54833221435547,69.05839538574219
2022-11-04,82.34717559814453,32.94161605834961,54.080318450927734,156.47000122070312,358.2148742675781,81.16149139404297,70.00135803222656
2022-11-07,82.0853271484375,32.959815979003906,54.24945831298828,155.85000610351562,361.64141845703125,80.35176086425781,70.00135803222656
2022-11-08,82.43446350097656,33.196414947509766,54.863704681396484,159.4499969482422,363.59259033203125,81.23041534423828,70.21566009521484
2022-11-09,82.53050994873047,32.62312316894531,54.098121643066406,158.64999389648438,356.10186767578125,81.49744415283203,69.4955825805664
2022-11-10,84.30242156982422,33.80610656738281,57.13374328613281,163.47999572753906,375.67120361328125,84.6329345703125,74.5789566040039
2022-11-11,84.24134063720703,34.725196838378906,58.27321243286133,164.55999755859375,379.3070983886719,84.32286071777344,74.57038879394531
2022-11-14,84.00569152832031,34.515899658203125,57.658958435058594,164.9199981689453,376.0804443359375,84.1161117553711,72.75304412841797
2022-11-15,84.62539672851562,35.30759048461914,58.041751861572266,165.5,379.2879638671875,85.47711181640625,73.54170989990234
2022-11-16,85.1491470336914,34.74339294433594,57.90822982788086,165.1199951171875,376.3945007324219,87.34636688232422,72.8730697631836
2022-11-17,84.7912368774414,34.807090759277344,57.88151931762695,163.9199981689453,375.2428283691406,86.4246826171875,72.37586212158203
2022-11-18,84.66905212402344,34.60689163208008,57.99725341796875,162.7899932861328,376.9465637207031,85.83026885986328,73.2931137084961
2022-11-21,84.6166763305664,34.170101165771484,57.5610466003418,161.8800048828125,375.5760192871094,86.19208526611328,73.67886352539062
2022-11-22,85.05313873291016,34.25199890136719,58.36222839355469,162.07000732421875,380.6300354003906,87.41529083251953,74.08174896240234
2022-11-23,85.55938720703125,34.53409957885742,59.003177642822266,163.0800018310547,383.0286560058594,88.9399642944336,74.1417465209961
2022-11-25,85.57683563232422,34.370304107666016,59.30585861206055,163.22000122070312,382.94293212890625,88.63849639892578,74.61324310302734
2022-11-28,85.43717956542969,34.21560287475586,58.54027557373047,161.92999267578125,376.8323974609375,88.88827514648438,72.61589813232422
2022-11-29,85.1316909790039,34.952693939208984,58.70941162109375,162.72999572753906,376.1851501464844,87.84598541259766,73.81600952148438
2022-11-30,85.7950439453125,35.96278381347656,59.75095748901367,164.80999755859375,388.03521728515625,88.49203491210938,75.50476837158203
2022-12-01,86.50894165039062,35.844482421875,60.329593658447266,167.83999633789062,387.7496643066406,91.31898498535156,75.34188842773438
2022-12-02,86.86766815185547,35.980979919433594,60.285091400146484,167.25999450683594,387.3023681640625,92.46737670898438,75.1189956665039
2022-12-05,86.18527221679688,35.57148361206055,59.4927978515625,164.38999938964844,380.33502197265625,91.17218017578125,73.74744415283203
2022-12-06,86.43897247314453,35.52599334716797,59.225738525390625,164.83999633789062,374.8525085449219,92.34648895263672,73.05309295654297
2022-12-07,87.20883178710938,35.316688537597656,59.225738525390625,166.3300018310547,374.21484375,94.52240753173828,73.19880676269531
2022-12-08,86.94640350341797,35.744380950927734,59.528411865234375,166.47000122070312,377.146484375,94.26335906982422,73.7131576538086
2022-12-09,86.43022918701172,35.50778579711914,59.56401824951172,167.05999755859375,374.32904052734375,91.81117248535156,73.57600402832031
2022-12-12,86.44770050048828,35.39858627319336,59.742061614990234,165.67999267578125,379.72589111328125,92.10472869873047,74.1417465209961
2022-12-13,87.0251235961914,35.651729583740234,60.589359283447266,168.50999450683594,382.6003112792969,92.99406433105469,75.51333618164062
2022-12-14,87.21762084960938,35.67020797729492,60.535736083984375,168.10000610351562,380.1541748046875,93.39128112792969,74.99899291992188
2022-12-15,87.34564208984375,34.84797286987305,58.98949432373047,165.35000610351562,370.8549499511719,93.75569152832031,73.99604034423828
2022-12-16,87.11766815185547,34.94959259033203,58.471107482910156,166.7899932861328,366.4766540527344,92.7083740234375,72.08442687988281
2022-12-19,86.582763671875,34.9773063659668,58.328102111816406,166.32000732421875,363.3689880371094,91.150390625,71.16716766357422
2022-12-20,85.9952621459961,34.96806716918945,58.560482025146484,169.0800018310547,363.86627197265625,89.5318374633789,70.9871597290039
2022-12-21,86.23200988769531,35.28218460083008,59.168251037597656,168.8000030517578,369.306884765625,89.75686645507812,71.59578704833984
2022-12-22,86.20571899414062,34.96806716918945,58.685611724853516,166.75999450683594,364.03839111328125,89.73955535888672,71.29500579833984
2022-12-23,85.90757751464844,34.921875,58.891178131103516,167.25999450683594,366.1324462890625,88.42393493652344,71.92961120605469
2022-12-27,85.28500366210938,35.439239501953125,58.980552673339844,168.6699981689453,364.68853759765625,86.67552947998047,71.90353393554688
2022-12-28,85.1358871459961,34.921875,58.35491180419922,167.91000366210938,360.1562194824219,86.16485595703125,70.6777572631836
2022-12-29,85.45159149169922,35.503910064697266,59.27550506591797,168.85000610351562,366.6391906738281,87.1429443359375,72.2251968383789
2022-12-30,85.04823303222656,35.014259338378906,58.6677360534668,169.63999938964844,365.6734619140625,86.17353057861328,71.70358276367188
2023-01-03,85.54804992675781,35.30990219116211,59.186126708984375,171.05999755859375,364.13397216796875,87.81804656982422,71.77313232421875
2023-01-04,86.02157592773438,36.372337341308594,59.97265625,172.6699981689453,366.94512939453125,89.02113342285156,73.3988037109375
2023-01-05,85.951416015625,36.261470794677734,59.37382125854492,170.52000427246094,362.7570495605469,89.39331817626953,71.42542266845703
2023-01-06,86.88966369628906,37.019039154052734,60.89324951171875,173.7100067138672,371.0758056640625,91.03785705566406,73.34664916992188
2023-01-09,87.10890197753906,37.29619216918945,61.152442932128906,174.10000610351562,370.8654479980469,91.5225830078125,73.37274932861328
2023-01-10,86.77568054199219,37.564117431640625,61.331199645996094,174.74000549316406,373.46630859375,90.00787353515625,73.53790283203125
2023-01-11,87.31057739257812,37.721168518066406,61.79595947265625,174.6199951171875,378.1898498535156,91.47064971923828,76.17202758789062
2023-01-12,87.94194030761719,37.90594482421875,62.70762634277344,176.63999938964844,379.5667724609375,93.27095031738281,77.13699340820312
2023-01-13,87.6174545288086,38.1553840637207,63.03831100463867,178.75999450683594,381.03924560546875,92.39678192138672,76.65887451171875
2023-01-17,87.4596176147461,37.94289779663086,63.23495101928711,177.58999633789062,380.3412780761719,91.79954528808594,76.87618255615234
2023-01-18,88.32775115966797,37.6842155456543,63.011512756347656,177.0800018310547,374.33642578125,94.02400970458984,75.7547378540039
2023-01-19,88.12609100341797,37.970611572265625,62.91319274902344,179.88999938964844,371.6112976074219,93.43543243408203,75.33745574951172
2023-01-20,87.76652526855469,38.552642822265625,63.46732711791992,179.2899932861328,378.5341491699219,91.92073059082031,76.23287963867188
2023-01-23,87.5473403930664,38.82979965209961,63.72654724121094,179.6300048828125,383.0759582519531,91.48794555664062,76.58062744140625
2023-01-24,87.93317413330078,38.85751724243164,63.64609146118164,180.27999877929688,382.6648254394531,92.80355834960938,76.77188110351562
2023-01-25,88.03836822509766,38.89447021484375,64.066162109375,181.11000061035156,382.8082580566406,93.02864074707031,76.806640625
2023-01-26,87.88928985595703,39.264015197753906,64.11979675292969,179.47000122070312,387.01544189453125,92.59583282470703,77.66730499267578
2023-01-27,87.75778198242188,39.07924270629883,63.99466323852539,179.22000122070312,387.9046936035156,92.36215209960938,78.53665161132812
2023-01-30,87.52101135253906,38.29396057128906,63.58352279663086,178.75999450683594,383.03778076171875,92.02460479736328,77.53689575195312
2023-01-31,87.88058471679688,38.2108154296875,63.94997787475586,179.41000366210938,388.6696472167969,92.76028442382812,79.1625747680664
2023-02-01,88.50025177001953,38.68198013305664,64.52200317382812,181.6699981689453,392.80035400390625,93.87539672851562,79.6493911743164
2023-02-02,88.59693145751953,38.451019287109375,64.43260955810547,177.89999389648438,398.518310546875,93.99687194824219,81.4576416015625
2023-02-03,87.74427032470703,37.767356872558594,63.83377456665039,173.4600067138672,394.2823791503906,92.59107971191406,79.92760467529297
2023-02-06,87.26081848144531,37.213050842285156,63.18132400512695,173.82000732421875,391.872802734375,91.90556335449219,79.34512329101562
2023-02-07,87.11139678955078,37.360862731933594,63.717586517333984,173.97999572753906,396.9979553222656,91.16796112060547,79.17127227783203
2023-02-08,87.23444366455078,37.31467056274414,63.32433319091797,174.41000366210938,392.6569519042969,91.60182189941406,78.79745483398438
2023-02-09,86.89163970947266,37.490203857421875,63.440513610839844,173.02999877929688,389.25286865234375,90.73406219482422,77.93680572509766
2023-02-10,86.51365661621094,37.12989807128906,63.163448333740234,173.36000061035156,390.1612548828125,89.71878051757812,78.20628356933594
2023-02-13,86.77737426757812,37.434776306152344,63.798030853271484,172.47999572753906,394.74139404296875,90.47372436523438,78.90176391601562
2023-02-14,86.46971893310547,37.3701057434082,63.91423416137695,172.61000061035156,394.55975341796875,90.26547241210938,78.27584838867188
2023-02-15,86.30268096923828,37.055992126464844,63.62821578979492,170.88999938964844,395.8410339355469,89.4237060546875,78.58881378173828
2023-02-16,85.9422836303711,37.06523132324219,63.31538772583008,170.75,390.3907775878906,88.15679931640625,77.82378387451172
2023-02-17,86.14447021484375,36.658729553222656,63.476280212402344,171.25999450683594,389.4154357910156,88.84228515625,77.51951599121094
2023-02-21,85.33576202392578,36.196807861328125,62.77912902832031,170.6199951171875,381.6034851074219,87.11544799804688,75.96337890625
2023-02-22,85.56427764892578,36.02127456665039,62.43054962158203,169.66000366210938,381.07757568359375,87.91378784179688,75.27659606933594
2023-02-23,85.87196350097656,36.196807861328125,62.752315521240234,169.57000732421875,383.1046142578125,88.77291107177734,75.84165954589844
2023-02-24,85.37970733642578,35.38380432128906,61.70658874511719,168.35000610351562,379.01220703125,87.61874389648438,74.5115737915039
2023-02-27,85.5467300415039,35.568572998046875,62.439491271972656,169.00999450683594,380.3030090332031,87.86174011230469,74.62458038330078
2023-02-28,85.53791046142578,35.31913375854492,61.98366165161133,169.77999877929688,378.8974304199219,88.26090240478516,74.52027893066406
2023-03-01,85.0479965209961,36.07670211791992,62.314353942871094,170.75999450683594,377.4439697265625,87.3127212524414,73.58137512207031
2023-03-02,84.87178039550781,36.20603561401367,62.439491271972656,170.66000366210938,380.3795166015625,86.53849029541016,74.44202423095703
2023-03-03,85.54145812988281,36.52939224243164,63.351139068603516,172.49000549316406,386.4799499511719,88.63494873046875,75.57218170166016
2023-03-06,85.33002471923828,36.40005874633789,63.19025421142578,171.6199951171875,386.7477111816406,87.94776916503906,75.27659606933594
2023-03-07,85.21543884277344,35.79030227661133,62.13560104370117,168.6199951171875,380.81939697265625,88.4870834350586,73.52052307128906
2023-03-08,85.1273193359375,35.9381217956543,62.475242614746094,168.5399932861328,381.44085693359375,88.57406616210938,74.36378479003906
2023-03-09,85.43570709228516,35.14359664916992,62.019412994384766,170.1999969482422,374.4033508300781,88.79154968261719,72.65986633300781
2023-03-10,86.43141174316406,34.95883560180664,61.358009338378906,173.8699951171875,369.0009765625,91.85363006591797,70.25177764892578
2023-03-13,87.11872100830078,35.014259338378906,60.93794250488281,177.86000061035156,368.4750061035156,92.06243133544922,71.17329406738281
2023-03-14,86.6076431274414,35.03274154663086,61.751277923583984,176.8300018310547,374.5658874511719,90.54877471923828,71.86007690429688
2023-03-15,87.47115325927734,34.43223571777344,59.838584899902344,178.2100067138672,372.2232971191406,92.29727935791016,71.80790710449219
2023-03-16,87.12752532958984,34.95883560180664,60.768123626708984,178.57000732421875,378.7539367675781,91.57525634765625,71.65142059326172
2023-03-17,87.6738052368164,34.746341705322266,60.044158935546875,183.77000427246094,374.3254089355469,92.94971466064453,70.02576446533203
2023-03-20,87.3213882446289,34.87568664550781,60.98262405395508,183.83999633789062,377.9246826171875,92.13204193115234,70.8255615234375
2023-03-21,87.05701446533203,35.189796447753906,61.903221130371094,180.3699951171875,382.8871154785156,91.34038543701172,70.51258850097656
2023-03-22,87.89413452148438,35.3283805847168,61.68870544433594,183.44000244140625,376.36016845703125,92.55828094482422,67.87847900390625
2023-03-23,88.10559844970703,35.818016052246094,61.69765090942383,185.74000549316406,377.37762451171875,92.55828094482422,67.45248413085938
2023-03-24,88.25538635253906,35.72563552856445,61.50995635986328,183.64999389648438,379.85394287109375,92.94971466064453,69.18228149414062
2023-03-27,87.3037338256836,35.5316276550293,62.09091567993164,181.9499969482422,380.5642395019531,90.76625061035156,69.10323333740234
2023-03-28,87.17155456542969,36.03974533081055,62.11772537231445,183.44000244140625,379.7100830078125,90.93153381347656,68.93640899658203
2023-03-29,87.27731323242188,36.14136505126953,62.86850357055664,182.52999877929688,385.2290954589844,90.74884796142578,70.46421813964844
2023-03-30,87.37422943115234,36.501678466796875,63.60140609741211,184.17999267578125,387.48468017578125,91.16642761230469,71.38619995117188
2023-03-31,87.79718780517578,36.45547866821289,63.92315673828125,183.22000122070312,392.9461364746094,92.53218078613281,72.91400909423828
2023-04-03,88.17879486083984,36.52939224243164,64.43260955810547,184.5399932861328,394.4434509277344,92.96734619140625,72.33450317382812
2023-04-04,88.50566101074219,36.52939224243164,64.4415512084961,187.97999572753906,392.25506591796875,93.4295883178711,72.2379150390625
2023-04-05,88.80601501464844,36.24299621582031,63.99466323852539,187.8300018310547,391.22796630859375,94.40634155273438,71.8515625
2023-04-06,88.72647857666016,36.39081573486328,64.29855346679688,186.49000549316406,392.7541198730469,94.65055084228516,72.34327697753906
2023-04-10,88.11697387695312,36.42776870727539,64.25387573242188,185.11000061035156,393.1573181152344,93.12431335449219,72.67694091796875
2023-04-11,88.16997528076172,36.64949417114258,64.46836853027344,186.27999877929688,393.2628479003906,93.3161849975586,72.9842529296875
2023-04-12,88.27599334716797,36.39081573486328,64.87950134277344,187.19000244140625,391.6599426269531,93.2202377319336,72.63304138183594
2023-04-13,88.24064636230469,36.88970184326172,65.71072387695312,189.72000122070312,396.8622131347656,92.48767852783203,72.41352844238281
2023-04-14,87.80780029296875,36.69568634033203,65.44258880615234,186.36000061035156,395.8927307128906,91.64175415039062,71.28960418701172
2023-04-17,87.36611938476562,36.85274124145508,65.3263931274414,185.52999877929688,397.3133239746094,90.55159759521484,72.77352905273438
2023-04-18,87.48977661132812,36.806556701660156,65.68390655517578,186.25,397.5725402832031,90.874267578125,72.60669708251953
2023-04-19,87.35726928710938,36.43700408935547,65.47834014892578,185.36000061035156,397.5052490234375,90.78709411621094,73.03694915771484
2023-04-20,87.7547836303711,36.38157653808594,65.47834014892578,186.08999633789062,395.3361511230469,91.56326293945312,72.31694793701172
2023-04-21,87.60462188720703,36.03974533081055,65.80903625488281,184.25,395.6432800292969,91.04869079589844,72.3257064819336
2023-04-24,87.94915771484375,35.956600189208984,65.9788589477539,184.80999755859375,396.0560302734375,91.92952728271484,72.05352783203125
2023-04-25,88.49684143066406,35.28218460083008,65.05826568603516,185.75,389.76904296875,93.28132629394531,71.34228515625
2023-04-26,88.16997528076172,35.48542785644531,65.0135726928711,184.74000549316406,388.1181945800781,92.28710174560547,70.65740203857422
2023-04-27,87.85196685791016,35.96583557128906,65.82691192626953,184.75,395.8448791503906,91.37138366699219,72.2554702758789
2023-04-28,88.30248260498047,36.15061569213867,65.80010223388672,184.8000030517578,399.223388671875,92.84523010253906,73.14230346679688
2023-05-01,87.3982925415039,36.0305061340332,65.7017822265625,183.97000122070312,398.8203125,90.1681137084961,72.5979232788086
2023-05-02,88.24846649169922,35.679443359375,65.0403823852539,187.52000427246094,394.3378601074219,92.41509246826172,71.36863708496094
2023-05-03,88.63807678222656,35.6240119934082,65.210205078125,189.11000061035156,391.6311340332031,92.93093872070312,71.08766174316406
2023-05-04,88.53185272216797,35.91040802001953,65.07614135742188,190.44000244140625,388.8572082519531,92.01292419433594,71.67594909667969
2023-05-05,88.24846649169922,36.39081573486328,66.032470703125,187.4600067138672,396.0560302734375,91.7068862915039,72.87012481689453
2023-05-08,87.76141357421875,36.40929412841797,66.05036163330078,187.69000244140625,396.1614990234375,90.42166900634766,72.44864654541016
2023-05-09,87.68169403076172,36.187564849853516,65.78221893310547,189.02000427246094,394.4241943359375,90.09814453125,72.14134216308594
2023-05-10,88.24846649169922,36.16909408569336,65.64815521240234,188.75,396.26715087890625,90.97248077392578,72.83499145507812
2023-05-11,88.51414489746094,36.03974533081055,65.4872817993164,187.1300048828125,395.5760192871094,91.93423461914062,72.03597259521484
2023-05-12,88.01819610595703,35.61477279663086,65.37109375,186.80999755859375,395.05780029296875,91.164794921875,72.02717590332031
2023-05-15,87.79681396484375,36.27070999145508,65.8716049194336,187.2100067138672,396.42071533203125,90.22056579589844,71.90425872802734
2023-05-16,87.59310150146484,36.012027740478516,65.24596405029297,184.8699951171875,393.7715759277344,89.94954681396484,70.1042251586914
2023-05-17,87.46029663085938,36.17832565307617,65.54983520507812,184.22999572753906,398.551513671875,89.68724822998047,71.05254364013672
2023-05-18,87.05292510986328,35.98431396484375,65.45153045654297,181.83999633789062,402.3908386230469,89.02275848388672,70.71009063720703
2023-05-19,86.85810089111328,36.012027740478516,65.83586120605469,183.63999938964844,401.80535888671875,88.39324188232422,70.59595489501953
2023-05-22,86.77837371826172,36.30766296386719,65.8537368774414,183.2100067138672,401.9685363769531,88.07849884033203,71.02619171142578
2023-05-23,86.87581634521484,35.744110107421875,64.8884506225586,183.42999267578125,397.4573669433594,88.33204650878906,70.35884857177734
2023-05-24,86.6544189453125,35.4761962890625,63.94103240966797,181.9499969482422,394.5777893066406,87.89486694335938,68.84860229492188
2023-05-25,86.3355941772461,35.40228271484375,63.85166549682617,180.1999969482422,397.99481201171875,87.67628479003906,68.83982849121094
2023-05-26,86.40645599365234,36.0305061340332,64.47730255126953,180.9199981689453,403.1491394042969,88.38450622558594,69.63007354736328
2023-05-30,86.9820785522461,35.61477279663086,63.824859619140625,182.0399932861328,403.302734375,89.26756286621094,69.89350128173828
2023-05-31,87.2920150756836,35.28218460083008,63.163448333740234,182.32000732421875,401.06634521484375,90.04570007324219,70.24472045898438
2023-06-01,87.55663299560547,35.91040802001953,64.10192108154297,183.75999450683594,404.8768005371094,90.39895629882812,70.25350189208984
2023-06-02,87.09490966796875,36.52939224243164,64.93313598632812,181.0500030517578,410.7317810058594,89.40837860107422,71.9657211303711
2023-06-05,87.0860366821289,36.5201530456543,64.55774688720703,182.13999938964844,409.94476318359375,89.24181365966797,71.46521759033203
2023-06-06,87.19257354736328,36.84351348876953,65.0940170288086,182.33999633789062,410.83740234375,89.76781463623047,72.15010833740234
2023-06-07,86.73088073730469,36.68522644042969,64.52153015136719,180.14999389648438,409.4168701171875,88.43531799316406,73.4759750366211
2023-06-08,87.19257354736328,36.9459228515625,65.20414733886719,182.52999877929688,411.8932800292969,89.4697265625,73.01937866210938
2023-06-09,86.98835754394531,37.113521575927734,65.09492492675781,182.0399932861328,412.6323547363281,89.34700775146484,72.5979232788086
2023-06-12,87.1393051147461,37.18800735473633,65.3770751953125,181.8800048828125,416.3755798339844,89.61000061035156,72.61548614501953
2023-06-13,86.73088073730469,37.560447692871094,65.9959945678711,180.5399932861328,419.12078857421875,88.72461700439453,73.08085632324219
2023-06-14,86.81079864501953,37.839778900146484,66.24173736572266,180.63999938964844,419.619873046875,89.43467712402344,73.3530502319336
2023-06-15,87.4145736694336,38.1935920715332,66.94255828857422,181.91000366210938,424.8221740722656,90.2938003540039,73.73939514160156
2023-06-16,87.1393051147461,38.0632438659668,66.79693603515625,181.6300048828125,423.3751220703125,89.94314575195312,73.68671417236328
2023-06-20,87.29913330078125,37.318363189697266,65.91407775878906,179.75,421.1786193847656,90.56555938720703,72.81742858886719
2023-06-21,87.44120788574219,37.141456604003906,66.01419830322266,179.49000549316406,419.02056884765625,90.78471374511719,72.3783950805664
2023-06-22,86.98835754394531,37.01110076904297,65.6046142578125,177.7100067138672,420.5331726074219,89.68888092041016,71.34228515625
2023-06-23,87.24586486816406,36.47106170654297,64.58523559570312,178.1999969482422,417.3538818359375,90.58307647705078,70.35884857177734
2023-06-26,87.35243225097656,36.592105865478516,64.66716003417969,178.50999450683594,415.6487121582031,90.67951965332031,71.98328399658203
2023-06-27,87.1836929321289,36.96454620361328,65.2314453125,177.69000244140625,420.20556640625,90.44281005859375,72.87012481689453
2023-06-28,87.44120788574219,36.74108123779297,65.27696990966797,177.27999877929688,420.4175109863281,90.82854461669922,72.97549438476562
2023-06-29,86.76641082763672,36.545555114746094,65.18595123291016,177.08999633789062,422.07452392578125,89.18921661376953,73.79064178466797
2023-06-30,86.9705810546875,36.834197998046875,65.98688507080078,178.27000427246094,427.05535888671875,90.2411880493164,74.19911193847656
2023-07-03,86.86824035644531,37.243873596191406,65.91407775878906,178.47000122070312,427.546630859375,89.7296142578125,74.92724609375
2023-07-05,86.4765396118164,37.020408630371094,65.17684173583984,177.83999633789062,426.9107971191406,88.87696075439453,75.0959701538086
2023-07-06,85.91569519042969,36.266231536865234,64.04824829101562,177.30999755859375,423.56781005859375,87.6199722290039,74.51878356933594
2023-07-07,85.93347930908203,36.67591094970703,64.53062438964844,178.63999938964844,422.4984130859375,87.09258270263672,74.35005950927734
2023-07-10,86.1738510131836,36.70384216308594,64.71265411376953,178.77999877929688,423.56781005859375,87.20682525634766,74.66974639892578
2023-07-11,86.3608169555664,37.0762825012207,65.295166015625,179.4499969482422,426.2652893066406,87.6551513671875,75.73531341552734
2023-07-12,87.06407165527344,37.90495300292969,66.54209899902344,181.8800048828125,429.6950378417969,88.63085174560547,76.1437759399414
2023-07-13,87.60710906982422,38.398441314697266,67.60697937011719,182.00999450683594,433.1054992675781,89.56258392333984,76.63215637207031
2023-07-14,87.188720703125,38.18428039550781,67.2247085571289,181.42999267578125,432.8357238769531,89.03516387939453,76.481201171875
2023-07-17,87.2866439819336,38.23084259033203,67.14279174804688,181.55999755859375,434.3386535644531,89.07913208007812,75.98393249511719
2023-07-18,87.35784912109375,37.951507568359375,67.5796890258789,183.63999938964844,437.5660400390625,89.48347473144531,75.56658172607422
2023-07-19,87.62493133544922,37.87702178955078,67.54326629638672,183.6699981689453,438.5390319824219,90.4943618774414,76.41903686523438
2023-07-20,87.17091369628906,37.597694396972656,67.1974105834961,182.74000549316406,435.6295166015625,89.39556121826172,76.17041015625
2023-07-21,87.23320007324219,37.54182815551758,67.33393859863281,182.17999267578125,435.6295166015625,89.42195892333984,76.52560424804688
2023-07-24,87.07295989990234,38.05392837524414,67.17009735107422,181.39999389648438,437.57568359375,89.09671783447266,77.15605926513672
2023-07-25,86.97505187988281,38.370506286621094,67.24290466308594,182.41000366210938,438.7702331542969,88.92969512939453,76.60552215576172
2023-07-26,87.25994110107422,38.593963623046875,67.42495727539062,183.3000030517578,438.83770751953125,89.01759338378906,76.95183563232422
2023-07-27,86.51216125488281,38.11910629272461,67.27022552490234,180.4199981689453,435.9282531738281,87.28595733642578,75.2824478149414
2023-07-28,86.85041809082031,39.0408935546875,67.75260162353516,181.86000061035156,440.196044921875,87.73426055908203,75.22027587890625
2023-07-31,86.95726013183594,39.05951690673828,67.77080535888672,182.35000610351562,441.03424072265625,87.9452133178711,75.70865631103516
2023-08-01,86.3814926147461,38.56603240966797,66.92435455322266,180.4600067138672,439.77215576171875,86.50405883789062,75.58434295654297
2023-08-02,86.17616271972656,37.64424514770508,65.67742919921875,179.60000610351562,433.6545715332031,85.57855224609375,75.14924621582031
2023-08-03,85.59599304199219,37.7932243347168,65.49539184570312,179.5399932861328,432.41180419921875,83.60415649414062,74.33229064941406
2023-08-04,86.30116271972656,37.746665954589844,65.67742919921875,180.19000244140625,430.45611572265625,85.08496856689453,73.72846984863281
2023-08-07,86.31903839111328,37.690799713134766,66.23263549804688,179.77999877929688,434.21337890625,84.24759674072266,74.6519775390625
2023-08-08,86.52430725097656,37.23456573486328,65.8321533203125,178.63999938964844,432.3251037597656,85.22598266601562,74.1724624633789
2023-08-09,86.58680725097656,37.327674865722656,65.81394958496094,177.7899932861328,429.4349365234375,85.66670989990234,74.16358947753906
2023-08-10,86.0244369506836,37.383541107177734,66.09611511230469,177.60000610351562,429.58905029296875,84.25639343261719,73.87944030761719
2023-08-11,85.75664520263672,36.834197998046875,65.65013122558594,177.60000610351562,429.3385925292969,84.0624771118164,73.994873046875
2023-08-14,85.69415283203125,36.657283782958984,65.35887145996094,177.05999755859375,431.70855712890625,83.87737274169922,73.5064926147461
2023-08-15,85.4620590209961,36.23828887939453,64.54882049560547,176.58999633789062,426.67962646484375,83.36614990234375,72.68067169189453
2023-08-16,85.25675964355469,35.912410736083984,64.02093505859375,175.57000732421875,423.54852294921875,82.7138900756836,71.7838134765625
2023-08-17,85.16748809814453,35.99620819091797,63.56585693359375,175.3000030517578,420.32122802734375,82.361328125,71.2066421508789
2023-08-18,85.35497283935547,35.75412368774414,63.56585693359375,175.3300018310547,420.5234680175781,82.65216827392578,71.42864990234375
2023-08-21,84.92647552490234,35.83791732788086,63.802494049072266,175.80999755859375,423.259521484375,81.5503921508789,70.77152252197266
2023-08-22,85.01573944091797,35.763431549072266,63.68416976928711,176.10000610351562,422.1131286621094,82.17622375488281,70.97576141357422
2023-08-23,85.82808685302734,36.33140182495117,64.37590026855469,177.88999938964844,426.8144836425781,84.21234130859375,72.09461975097656
2023-08-24,85.6316909790039,36.191734313964844,63.49303436279297,177.85000610351562,420.89923095703125,83.65701293945312,71.81934356689453
2023-08-25,85.578125,36.22898483276367,63.92082977294922,177.6199951171875,423.8664855957031,83.93025970458984,71.87261962890625
2023-08-28,85.76554870605469,36.582801818847656,64.5943374633789,178.1300048828125,426.55438232421875,84.01839447021484,72.54749298095703
2023-08-29,86.31903839111328,37.048343658447266,65.3952865600586,179.8699951171875,432.7201232910156,84.89103698730469,73.42657470703125
2023-08-30,86.28330993652344,36.927303314208984,65.35887145996094,180.32000732421875,434.5024108886719,84.80288696289062,73.69296264648438
2023-08-31,86.40828704833984,36.47106170654297,65.1040267944336,180.02000427246094,433.8665466308594,85.18191528320312,73.15129852294922
2023-09-01,85.96074676513672,36.899375915527344,65.06761932373047,180.11000061035156,434.6758117675781,83.85491943359375,73.2756118774414
2023-09-05,85.49531555175781,36.601417541503906,64.5033187866211,178.63999938964844,432.79718017578125,82.6790771484375,72.42317199707031
2023-09-06,85.41475677490234,36.396575927734375,64.36679077148438,177.8300018310547,429.88775634765625,82.88243103027344,72.27220916748047
2023-09-07,85.68326568603516,35.9682731628418,64.15746307373047,178.02000427246094,428.56787109375,83.11227416992188,72.72505950927734
2023-09-08,85.72802734375,36.04275894165039,64.06644439697266,178.0800018310547,429.21331787109375,83.43055725097656,72.44091796875
2023-09-11,85.62957763671875,36.48968505859375,64.73086547851562,178.41000366210938,432.0361022949219,82.82939147949219,72.4498062133789
2023-09-12,85.65642547607422,36.377960205078125,64.4669189453125,177.49000549316406,429.6661376953125,83.3067626953125,72.41427612304688
2023-09-13,85.78173065185547,36.33140182495117,64.26667785644531,177.0800018310547,430.1671447753906,83.28910064697266,71.62399291992188
2023-09-14,85.6653823852539,36.573486328125,65.11312866210938,177.1699981689453,433.8761291503906,82.68791198730469,72.92044067382812
2023-09-15,85.46846771240234,36.4338264465332,64.9675064086914,178.33999633789062,428.648681640625,82.18399810791016,72.64514923095703
2023-09-18,85.59379577636719,36.387271881103516,64.73995971679688,179.38999938964844,428.9000549316406,82.65254211425781,71.9969482421875
2023-09-19,85.34317779541016,36.17311096191406,64.7945785522461,179.22000122070312,428.0105895996094,82.04256439208984,71.66838836669922
2023-09-20,85.29839324951172,36.02413558959961,64.63984680175781,179.35000610351562,424.0757751464844,82.2989273071289,71.73053741455078
2023-09-21,84.71660614013672,35.40030288696289,63.56585693359375,178.0500030517578,417.0665283203125,80.18598937988281,69.28860473632812
2023-09-22,85.07466888427734,35.819297790527344,63.62046813964844,178.6199951171875,416.128662109375,80.83137512207031,68.76471710205078
2023-09-25,84.40338134765625,35.6610107421875,63.33831024169922,177.6999969482422,417.8786315917969,78.84217071533203,68.70255279541016
2023-09-26,84.29595947265625,35.15822219848633,62.519161224365234,176.27999877929688,411.7394714355469,78.56812286376953,67.45050048828125
2023-09-27,84.0005874633789,35.21408462524414,62.400840759277344,174.10000610351562,411.90380859375,78.16143798828125,66.99764251708984
2023-09-28,84.25119018554688,35.307193756103516,62.9105339050293,173.22999572753906,414.2917785644531,78.400146484375,67.6405029296875
2023-09-29,84.17063903808594,35.33512878417969,62.72850036621094,171.4499969482422,413.28631591796875,78.40899658203125,67.83776092529297
2023-10-02,83.58456420898438,35.15822219848633,61.80923843383789,169.64999389648438,413.1219482421875,77.09637451171875,66.59146881103516
2023-10-03,82.92938995361328,34.69266891479492,61.03559494018555,169.16000366210938,407.5918884277344,75.43791198730469,65.29138946533203
2023-10-04,83.5127944946289,34.59025192260742,61.144813537597656,169.13999938964844,410.5599670410156,76.50218963623047,66.08936309814453
2023-10-05,83.5666275024414,34.72060775756836,61.68180465698242,168.8300018310547,410.40521240234375,76.12084197998047,66.45698547363281
2023-10-06,83.24352264404297,35.2234001159668,62.364437103271484,169.6999969482422,415.2779541015625,75.198486328125,66.63630676269531
2023-10-09,84.10513305664062,35.05580139160156,62.273414611816406,172.82000732421875,417.9366760253906,76.9634017944336,67.36255645751953
2023-10-10,84.02436065673828,35.55859375,63.12897491455078,172.52999877929688,420.1119079589844,76.8569564819336,67.68534851074219
2023-10-11,84.41028594970703,35.78205871582031,63.39292907714844,173.7899932861328,421.8327941894531,78.46220397949219,68.85990905761719
2023-10-12,83.68331146240234,35.38167953491211,62.86502456665039,173.25999450683594,419.2611083984375,76.33368682861328,67.85570526123047
2023-10-13,84.04230499267578,35.25132369995117,62.28252410888672,178.8300018310547,417.17279052734375,77.699462890625,67.68534851074219
2023-10-16,83.57560729980469,35.51203918457031,62.73759460449219,177.9600067138672,421.5621032714844,76.448974609375,68.49230194091797
2023-10-17,82.97425842285156,35.41892623901367,62.77401351928711,178.2899932861328,421.5427551269531,75.6064682006836,68.39366912841797
2023-10-18,82.58834075927734,34.8788948059082,61.68180465698242,180.8699951171875,415.9256286621094,74.9412841796875,66.941162109375
2023-10-19,82.27422332763672,34.67404556274414,61.135711669921875,183.08999633789062,412.27117919921875,73.406982421875,65.3541488647461
2023-10-20,82.57038879394531,34.25505447387695,60.5896110534668,183.58999633789062,407.2052001953125,73.82381439208984,64.91481018066406
2023-10-23,82.89350891113281,34.22711944580078,60.635128021240234,182.97000122070312,406.4993896484375,74.71070098876953,64.27820587158203
2023-10-24,83.1896743774414,34.66473388671875,60.980995178222656,182.9499969482422,409.56414794921875,75.69513702392578,65.10309600830078
2023-10-25,82.57038879394531,34.208499908447266,60.544105529785156,183.72000122070312,403.68597412109375,74.01007080078125,63.70438003540039
2023-10-26,83.12684631347656,34.0409049987793,60.10722732543945,184.00999450683594,398.8520202636719,75.1452865600586,64.92376708984375
2023-10-27,83.09993743896484,34.01297378540039,59.925193786621094,186.14999389648438,397.04412841796875,74.82599639892578,63.88371276855469
2023-10-30,82.9024658203125,34.36678695678711,60.68973159790039,185.10000610351562,401.7911071777344,74.48897552490234,64.28717803955078
2023-10-31,82.8486099243164,34.1712532043457,60.908180236816406,184.08999633789062,404.314453125,74.12535858154297,65.38103485107422
2023-11-01,83.76415252685547,34.48782730102539,61.4815788269043,183.50999450683594,408.6263732910156,75.73255920410156,65.78453063964844
2023-11-02,84.26826477050781,35.09304428100586,62.73759460449219,184.1199951171875,416.4573974609375,77.45901489257812,67.94537353515625
2023-11-03,84.78135681152344,35.80998992919922,63.40203094482422,184.7899932861328,420.25689697265625,77.98403930664062,69.5682373046875
2023-11-06,84.35826873779297,36.098628997802734,63.08345413208008,183.35000610351562,421.22369384765625,77.22763061523438,68.56402587890625
2023-11-07,84.80838012695312,36.033451080322266,62.70119857788086,182.58999633789062,422.42254638671875,78.36672973632812,67.99916076660156
2023-11-08,85.09642028808594,35.79136276245117,62.619293212890625,180.77000427246094,422.7319030761719,79.70162200927734,68.22331237792969
2023-11-09,84.3852767944336,35.456172943115234,62.61017608642578,181.49000549316406,419.43511962890625,77.86837768554688,67.14736938476562
2023-11-10,84.58332061767578,35.70756530761719,62.892333984375,179.50999450683594,425.9803771972656,78.30443572998047,67.7750015258789
2023-11-13,84.57433319091797,35.69824981689453,63.056156158447266,180.50999450683594,425.57427978515625,78.1264419555664,67.21013641357422
2023-11-14,85.63655090332031,36.647972106933594,64.66716003417969,182.1199951171875,433.83074951171875,79.89737701416016,70.9400405883789
2023-11-15,85.10545349121094,36.955238342285156,64.56702423095703,181.63999938964844,434.7491760253906,78.77610778808594,71.14627075195312
2023-11-16,85.57355499267578,36.601417541503906,64.52153015136719,183.69000244140625,435.2809143066406,79.75499725341797,70.99385070800781
2023-11-17,85.74458312988281,36.647972106933594,65.3952865600586,183.6699981689453,435.8223876953125,80.12879943847656,70.9400405883789
2023-11-20,85.8796157836914,37.104209899902344,65.64102935791016,183.3699951171875,439.17718505859375,80.61822509765625,71.46006774902344
2023-11-21,85.9696273803711,36.87143325805664,65.38617706298828,185.35000610351562,438.2200012207031,80.58265686035156,70.9579849243164
2023-11-22,86.0506362915039,36.79694747924805,65.5409164428711,184.55999755859375,439.911865234375,80.86741638183594,71.30765533447266
2023-11-24,85.65457916259766,36.815574645996094,66.04149627685547,185.52000427246094,440.1826477050781,79.91520690917969,71.51387786865234
2023-11-27,86.14069366455078,36.666595458984375,65.81394958496094,186.77000427246094,439.3898620605469,81.25008392333984,71.7739028930664
2023-11-28,86.51876068115234,36.973854064941406,65.8321533203125,189.25999450683594,439.8249206542969,81.41026306152344,72.24911499023438
2023-11-29,86.94185638427734,36.759708404541016,65.96868133544922,189.5399932861328,439.5155029296875,82.43370056152344,72.75120544433594
2023-11-30,86.65380096435547,36.834197998046875,65.91407775878906,188.75,441.24603271484375,81.4814682006836,73.28021240234375
2023-12-01,87.4157485961914,36.99248123168945,66.60579681396484,192.00999450683594,443.8564453125,83.0160903930664,75.08238983154297
2023-12-04,87.08171844482422,36.573486328125,66.0870132446289,187.86000061035156,441.5264892578125,82.68579864501953,75.62933349609375
2023-12-05,87.65947723388672,36.35002136230469,65.85035705566406,187.14999389648438,441.43951416015625,84.46233367919922,75.12723541259766
2023-12-06,87.88520050048828,36.30347442626953,66.05060577392578,187.83999633789062,439.6605224609375,85.587158203125,74.90308380126953
2023-12-07,87.91228485107422,36.480377197265625,66.3691635131836,188.14999389648438,443.01531982421875,85.09619140625,75.1182632446289
2023-12-08,87.46988677978516,36.32209014892578,66.56938934326172,185.63999938964844,444.9199523925781,84.39982604980469,74.99273681640625
2023-12-11,87.47891998291016,36.5362434387207,66.73322296142578,183.58999633789062,446.6504211425781,84.22127532958984,75.1989517211914
2023-12-12,87.74076080322266,36.545555114746094,66.8515396118164,183.49000549316406,448.69036865234375,84.47127532958984,75.15412902832031
2023-12-13,88.84212493896484,36.90868377685547,67.82542419433594,187.6300048828125,454.8779296875,86.4531478881836,78.03225708007812
2023-12-14,89.55916595458984,37.448726654052734,68.32601165771484,188.72999572753906,456.3377990722656,88.70206451416016,80.28277587890625
2023-12-15,89.3509521484375,37.225257873535156,67.66158294677734,187.0,455.58642578125,88.80057525634766,79.15303039550781
2023-12-18,89.16987609863281,37.206634521484375,67.82542419433594,187.85000610351562,458.149169921875,88.09300994873047,78.97370910644531
2023-12-19,89.27852630615234,37.52320861816406,68.3988265991211,189.1300048828125,460.93511962890625,88.56770324707031,79.57443237304688
2023-12-20,89.60444641113281,36.84772491455078,67.70855712890625,188.10000610351562,454.5477600097656,89.16776275634766,78.6061019897461
2023-12-21,89.59541320800781,37.540279388427734,68.80525207519531,189.42999267578125,458.8577575683594,88.60354614257812,79.30319213867188
2023-12-22,89.47769165039062,37.36002731323242,68.8697509765625,190.27000427246094,459.7799377441406,88.20050811767578,79.6117935180664
2023-12-26,89.65876007080078,37.65412902832031,69.18309020996094,191.72000122070312,461.7212829589844,88.45124053955078,80.2017822265625
2023-12-27,90.2291488647461,37.8723258972168,69.55172729492188,192.58999633789062,462.55615234375,90.01860046386719,80.59207916259766
2023-12-28,90.02996063232422,38.16642761230469,69.36740112304688,191.47000122070312,462.73089599609375,89.36482238769531,81.16390991210938
2023-12-29,89.85792541503906,38.1474494934082,69.44113159179688,191.1699981689453,461.3913269042969,88.55873107910156,80.2017822265625
2024-01-02,89.43241882324219,37.70156478881836,68.6670150756836,190.72000122070312,458.8092041015625,88.04824829101562,80.8916015625
2024-01-03,89.47769165039062,37.49284362792969,68.15091705322266,189.1300048828125,455.0622863769531,88.41543579101562,78.95826721191406
2024-01-04,89.11553192138672,37.36951446533203,68.30758666992188,189.32000732421875,453.596435546875,87.072021484375,78.81304931640625
2024-01-05,88.90728759765625,37.41694641113281,68.35365295410156,189.35000610351562,454.21771240234375,86.23909759521484,78.61336517333984
2024-01-08,89.24229431152344,37.52130889892578,69.08170318603516,187.8699951171875,460.70208740234375,87.0899429321289,79.73886108398438
2024-01-09,89.22419738769531,36.99003982543945,68.4642562866211,187.92999267578125,460.003173828125,86.53466033935547,79.20333862304688
2024-01-10,89.05216979980469,36.90464401245117,68.90660858154297,187.5,462.604736328125,86.13163757324219,79.29409790039062
2024-01-11,89.55916595458984,37.05644607543945,68.89739227294922,187.8699951171875,462.40081787109375,86.61527252197266,78.55891418457031
2024-01-12,89.7221450805664,37.18925857543945,69.18309020996094,189.7100067138672,462.72119140625,86.4450912475586,79.03086853027344
2024-01-16,89.05216979980469,36.28799057006836,68.02189636230469,187.91000366210938,461.02239990234375,84.92253875732422,78.44996643066406
2024-01-17,88.80770111083984,35.747230529785156,67.37680053710938,185.83999633789062,458.45977783203125,84.7882080078125,77.0158462524414
2024-01-18,88.72623443603516,36.041324615478516,67.9758071899414,187.3699951171875,462.5367431640625,84.00005340576172,76.59832763671875
2024-01-19,88.74431610107422,36.42081069946289,68.13247680664062,187.92999267578125,468.30279541015625,84.26873779296875,77.51506805419922
2024-01-22,88.90728759765625,36.09825134277344,68.34445190429688,187.22000122070312,469.2929992675781,84.77029418945312,77.97798156738281
2024-01-23,88.69002532958984,36.41132354736328,68.15091705322266,187.9499969482422,470.6616516113281,84.09858703613281,77.44245910644531
2024-01-24,88.49083709716797,36.81926727294922,68.6670150756836,186.39999389648438,471.1761474609375,83.60597229003906,76.3351058959961
2024-01-25,88.88919830322266,36.86669921875,68.86053466796875,187.13999938964844,473.73883056640625,84.15229034423828,77.31538391113281
2024-01-26,88.78963470458984,36.89515686035156,69.16465759277344,187.00999450683594,473.13702392578125,83.99109649658203,77.09754943847656
2024-01-29,89.14271545410156,36.91413497924805,69.57015228271484,188.3300018310547,476.8839416503906,84.95836639404297,77.60585021972656
2024-01-30,89.31473541259766,36.62003707885742,69.47798919677734,188.58999633789062,476.5151062011719,85.72859954833984,76.87969207763672
2024-01-31,89.7221450805664,36.42081069946289,69.12779235839844,188.4499969482422,468.73968505859375,86.57046508789062,76.14449310302734
2024-02-01,90.23338317871094,36.771827697753906,69.80976104736328,190.41000366210938,474.87457275390625,88.26862335205078,77.52416229248047
2024-02-02,89.40704345703125,36.667476654052734,69.2568130493164,188.61000061035156,479.8738098144531,86.31888580322266,76.56202697753906
2024-02-05,88.67151641845703,36.714908599853516,68.88818359375,187.57000732421875,478.12640380859375,84.57579040527344,74.95543670654297
2024-02-06,89.13462829589844,37.54977035522461,69.3121109008789,188.5500030517578,479.5146179199219,85.40239715576172,75.96295166015625
2024-02-07,88.95301818847656,37.597206115722656,69.27523803710938,188.5,483.513916015625,84.98912811279297,75.85404205322266
2024-02-08,88.68059539794922,37.38848876953125,69.15542602539062,188.3300018310547,483.7275085449219,84.49495697021484,76.47124481201172
2024-02-09,88.65335083007812,37.54977035522461,69.39505004882812,187.60000610351562,486.5232238769531,84.32422637939453,76.58924865722656
2024-02-12,88.67151641845703,37.843868255615234,69.51485443115234,187.11000061035156,486.3096618652344,84.42305755615234,76.60741424560547
2024-02-13,87.85425567626953,37.13233947753906,68.4458236694336,184.52999877929688,479.6116638183594,82.97647857666016,75.0280532836914
2024-02-14,88.24473571777344,37.66361618041992,69.21073150634766,184.4199981689453,483.9701843261719,83.39877319335938,75.6180419921875
2024-02-15,88.45357513427734,37.843868255615234,69.99407196044922,185.66000366210938,487.3094482421875,83.83006286621094,77.37893676757812
2024-02-16,88.17207336425781,38.02412033081055,70.10466766357422,186.33999633789062,484.8826599121094,83.3448486328125,76.58016204833984
2024-02-20,88.25382232666016,38.0810432434082,70.3903579711914,187.47000122070312,482.2132263183594,83.41673278808594,76.44403076171875
2024-02-21,87.990478515625,38.1474494934082,70.4456558227539,187.47999572753906,482.6499938964844,82.82373046875,76.87064361572266
2024-02-22,88.06314849853516,38.53641891479492,71.23821258544922,187.55999755859375,492.638671875,83.22804260253906,77.0158462524414
2024-02-23,88.39002990722656,38.51744842529297,71.33036041259766,188.6199951171875,492.97845458984375,84.34220123291016,76.97954559326172
2024-02-26,88.1993179321289,38.3466796875,71.22900390625,188.1999969482422,491.17291259765625,84.09061431884766,76.13540649414062
2024-02-27,88.08128356933594,38.422576904296875,71.42253112792969,188.0,492.0853271484375,83.49761199951172,76.22618103027344
2024-02-28,88.25382232666016,37.91976547241211,71.0078125,188.33999633789062,491.4350280761719,84.02771759033203,76.99771118164062
2024-02-29,88.39910125732422,37.93873977661133,71.19213104248047,189.30999755859375,493.20172119140625,84.62071990966797,77.6512222290039
2024-03-01,88.82350158691406,38.403602600097656,71.88331604003906,192.88999938964844,497.83197021484375,85.14801788330078,78.57704162597656
2024-03-04,88.60491943359375,38.31822204589844,71.69900512695312,196.00999450683594,497.298095703125,84.80551147460938,79.312255859375
2024-03-05,89.08761596679688,37.9766845703125,71.56998443603516,197.19000244140625,492.3280334472656,86.01326751708984,78.35012817382812
2024-03-06,89.22423553466797,38.52693176269531,72.41783905029297,198.80999755859375,494.8227844238281,86.51801300048828,78.74042510986328
2024-03-07,89.41547393798828,38.76411056518555,73.27490997314453,199.94000244140625,499.734619140625,86.43689727783203,78.72228240966797
2024-03-08,89.49744415283203,38.72616195678711,73.03529357910156,201.6300048828125,496.73516845703125,86.28366088867188,79.62995147705078
2024-03-11,89.39726257324219,38.81154251098633,72.62059020996094,202.0,496.3080139160156,86.23859405517578,79.24872589111328
2024-03-12,89.16956329345703,39.23846435546875,73.201171875,199.7899932861328,501.6469421386719,85.51753997802734,79.07625579833984
2024-03-13,89.00566864013672,39.11513137817383,73.21039581298828,201.19000244140625,500.86065673828125,85.10295104980469,78.67689514160156
2024-03-14,88.44098663330078,38.91590118408203,72.67588806152344,200.35000610351562,499.8705139160156,83.79601287841797,77.4969253540039
2024-03-15,88.43186950683594,38.67873001098633,72.70352172851562,199.7100067138672,496.4381408691406,83.76901245117188,77.32447052001953
2024-03-18,88.3408203125,38.74513626098633,72.68508911132812,200.02999877929688,499.3885192871094,83.51660919189453,77.36077117919922
2024-03-19,88.55938720703125,38.555397033691406,72.81412506103516,199.8000030517578,502.16375732421875,83.75093841552734,77.33354187011719
2024-03-20,88.74153900146484,38.991798400878906,73.58824157714844,202.17999267578125,506.808349609375,83.7238998413086,77.84185028076172
2024-03-21,88.80531311035156,39.039241790771484,73.55138397216797,201.97000122070312,508.48333740234375,83.90418243408203,78.40457916259766
2024-03-22,89.08761596679688,38.76411056518555,73.39471435546875,200.35000610351562,507.5191650390625,84.70637512207031,77.41775512695312
2024-03-25,88.9236831665039,38.792572021484375,73.238037109375,200.99000549316406,506.1170959472656,84.2827377319336,76.94174194335938
2024-03-26,89.0147476196289,38.76411056518555,73.32098388671875,201.63999938964844,505.1822814941406,84.5170669555664,76.6304931640625
2024-03-27,89.30619049072266,38.83052062988281,73.76334381103516,203.10000610351562,509.4277038574219,85.35529327392578,78.6078109741211
2024-03-28,89.19691467285156,38.97283172607422,73.59746551513672,205.72000122070312,509.330322265625,85.283203125,79.16621398925781
2024-04-01,88.54837036132812,39.039241790771484,73.28411865234375,207.82000732421875,508.4442443847656,83.69345092773438,77.8388671875
2024-04-02,88.48441314697266,39.162567138671875,72.76803588867188,210.88999938964844,505.21142578125,83.23222351074219,76.8593521118164
2024-04-03,88.53923034667969,39.1910285949707,73.17353057861328,212.74000549316406,505.7664489746094,83.21414184570312,76.94174194335938
2024-04-04,88.74933624267578,39.04872512817383,72.54685974121094,211.52000427246094,499.593017578125,83.81098175048828,76.4474105834961
2024-04-05,88.31088256835938,39.13410568237305,72.77725982666016,215.13999938964844,504.812255859375,82.64442443847656,76.8410415649414
2024-04-08,88.22864532470703,39.3902587890625,73.13667297363281,216.47999572753906,505.0946044921875,82.63539123535156,77.6649169921875
2024-04-09,88.53009796142578,39.6558952331543,73.12744903564453,217.6699981689453,505.6788635253906,83.4040756225586,78.6993637084961
2024-04-10,87.47048950195312,39.11513137817383,72.15979766845703,215.61000061035156,500.61541748046875,81.58641052246094,75.44043731689453
2024-04-11,87.48876190185547,39.35231399536133,72.35332489013672,219.8000030517578,504.39349365234375,81.21562957763672,75.69676208496094
2024-04-12,87.65318298339844,38.4510383605957,71.18290710449219,216.88999938964844,497.43133544921875,81.64971923828125,74.79962921142578
2024-04-15,87.12339782714844,38.20437240600586,70.97095489501953,220.9499969482422,491.199462890625,80.3836669921875,73.5271987915039
2024-04-16,86.87676239013672,37.70156478881836,70.27055358886719,221.22000122070312,490.3036193847656,79.85013580322266,72.49275207519531
2024-04-17,87.27869415283203,37.673099517822266,70.31664276123047,219.58999633789062,487.4018859863281,80.7363510131836,71.96179962158203
2024-04-18,87.03205108642578,37.82489013671875,70.12309265136719,220.33999633789062,486.3989562988281,80.32940673828125,71.97096252441406
2024-04-19,87.12339782714844,37.673099517822266,70.15074157714844,221.02999877929688,482.1534729003906,80.6187973022461,72.3188247680664
2024-04-22,87.17822265625,38.0810432434082,70.97095489501953,215.57000732421875,486.5937194824219,80.48316192626953,72.9596176147461
2024-04-23,87.36090087890625,38.39411544799805,71.74508666992188,215.0399932861328,492.367919921875,80.51026916503906,73.62789916992188
2024-04-24,87.13253784179688,38.52693176269531,71.60684967041016,214.63999938964844,492.13421630859375,79.94059753417969,73.76521301269531
2024-04-25,86.88591766357422,38.61231994628906,71.27507019042969,215.9199981689453,490.2646789550781,79.37992858886719,73.34410858154297
2024-04-26,87.0777359008789,39.05820846557617,71.8464584350586,216.6199951171875,494.9093933105469,79.79586791992188,73.38072204589844
2024-04-29,87.34263610839844,39.43769454956055,72.12293243408203,216.17999267578125,496.662109375,80.46505737304688,74.13137817382812
2024-04-30,86.98640441894531,38.8874397277832,71.21056365966797,211.8699951171875,488.7943420410156,79.77780151367188,72.87722778320312
2024-05-01,87.2933349609375,38.92538833618164,71.05389404296875,213.7899932861328,487.2071838378906,80.36582946777344,72.90470123291016
2024-05-02,87.68733215332031,39.9310188293457,72.01234436035156,213.1300048828125,491.7641906738281,80.71067810058594,73.92996978759766
2024-05-03,88.1363296508789,40.29153060913086,72.73117065429688,212.9600067138672,497.8597717285156,81.52739715576172,74.42430877685547
2024-05-06,88.20047760009766,40.32947540283203,73.22882843017578,215.1999969482422,503.00103759765625,81.84500885009766,74.48839569091797
2024-05-07,88.38369750976562,40.101783752441406,73.42235565185547,214.2100067138672,503.55609130859375,82.34410858154297,75.19327545166016
2024-05-08,88.20047760009766,40.11126708984375,73.33941650390625,213.5800018310547,503.60479736328125,81.84500885009766,74.56161499023438
2024-05-09,88.36536407470703,40.23460388183594,73.90158081054688,216.9499969482422,506.50653076171875,82.24431610107422,76.09037780761719
2024-05-10,88.18213653564453,40.31999206542969,74.0398178100586,218.7100067138672,507.1590270996094,81.78150177001953,75.87983703613281
2024-05-13,88.22795867919922,40.62357711791992,74.0398178100586,216.25999450683594,507.2270202636719,81.99020385742188,76.12701416015625
2024-05-14,88.46617126464844,40.841773986816406,74.5927734375,218.08999633789062,509.5543518066406,82.45304107666016,76.71287536621094
2024-05-15,89.05258178710938,41.278175354003906,75.38533020019531,220.88999938964844,515.8640747070312,83.57829284667969,77.7747802734375
2024-05-16,88.95179748535156,41.36356735229492,74.97982788085938,220.02999877929688,514.8026733398438,83.49664306640625,77.71985626220703
2024-05-17,88.66775512695312,41.543819427490234,75.23787689208984,223.66000366210938,515.5427856445312,82.93399047851562,77.710693359375
2024-05-20,88.5853042602539,41.39202880859375,75.29316711425781,224.55999755859375,516.1367797851562,82.68895721435547,77.25297546386719
2024-05-21,88.75021362304688,41.13587951660156,75.1733627319336,224.22999572753906,517.4025268554688,83.11547088623047,77.22550964355469
2024-05-22,88.6402816772461,41.0030632019043,74.4637451171875,220.11000061035156,515.9127807617188,83.21530151367188,76.52979278564453
2024-05-23,88.39286041259766,40.6994743347168,74.08589172363281,215.72000122070312,512.1444702148438,82.67990112304688,74.88203430175781
2024-05-24,88.4936294555664,40.813316345214844,74.69414520263672,215.9199981689453,515.5330810546875,82.92491149902344,74.93695068359375
2024-05-28,88.0813217163086,40.75638961791992,74.66650390625,218.19000244140625,515.893310546875,81.73611450195312,74.44259643554688
2024-05-29,87.7423095703125,40.14922332763672,73.48686218261719,216.16000366210938,512.28076171875,80.74696350097656,73.71942138671875
2024-05-30,88.15464782714844,40.03537368774414,74.10433197021484,216.57000732421875,508.8824157714844,81.52739715576172,74.79962921142578
2024-05-31,88.43867492675781,39.64640808105469,74.81395721435547,215.3000030517578,513.5173950195312,82.08096313476562,76.20022583007812
2024-06-03,88.9736328125,40.063838958740234,75.02590942382812,217.22000122070312,513.9360961914062,83.4085693359375,76.02630615234375
2024-06-04,89.29533386230469,39.50410461425781,74.93374633789062,215.27000427246094,514.5106811523438,84.38288879394531,76.6121826171875
2024-06-05,89.5710678100586,40.13973617553711,75.45905303955078,217.82000732421875,520.6256713867188,85.00206756591797,76.52063751220703
2024-06-06,89.59864044189453,40.338966369628906,75.71710968017578,219.42999267578125,520.6159057617188,84.87460327148438,76.6671142578125
2024-06-07,88.80816650390625,39.88358688354492,74.89688873291016,211.60000610351562,519.98291015625,83.31751251220703,75.94391632080078
2024-06-10,88.73466491699219,40.120758056640625,74.84159851074219,213.5399932861328,521.589599609375,82.76209259033203,76.20022583007812
2024-06-11,89.0379638671875,39.987022399902344,73.99114227294922,214.14999389648438,522.8457641601562,83.61801147460938,75.92561340332031
2024-06-12,89.46077728271484,40.38823699951172,74.8631591796875,214.72000122070312,527.1398315429688,84.24629974365234,76.60303497314453
2024-06-13,89.91117095947266,40.29270553588867,73.79422760009766,212.97000122070312,528.2013549804688,85.48468017578125,76.91426086425781
2024-06-14,90.0030746459961,40.34047317504883,72.97845458984375,215.72999572753906,528.522705078125,86.20405578613281,76.89595794677734
2024-06-17,89.68136596679688,40.598384857177734,73.26913452148438,214.61000061035156,532.7291259765625,85.34809875488281,76.59386444091797
2024-06-18,90.0030746459961,40.97093963623047,73.55979919433594,215.47000122070312,534.0826416015625,86.13119506835938,76.89595794677734
2024-06-20,89.84681701660156,40.904075622558594,73.606689453125,218.16000366210938,532.6317749023438,85.55753326416016,76.67626190185547
2024-06-21,89.85601043701172,40.76077651977539,73.09097290039062,214.77999877929688,531.917724609375,85.55753326416016,76.8685073852539
2024-06-24,89.92955017089844,40.76077651977539,73.67233276367188,215.6300048828125,530.1885375976562,85.90352630615234,77.46353912353516
2024-06-25,89.92036437988281,40.66525650024414,73.8504867553711,214.55999755859375,532.2302856445312,86.04924011230469,76.51148223876953
2024-06-26,89.51593017578125,40.57928466796875,73.306640625,212.5800018310547,532.8944702148438,84.81999206542969,76.27347564697266
2024-06-27,89.66299438476562,40.60793685913086,73.36289978027344,214.99000549316406,533.7346801757812,85.15686798095703,77.01496887207031
2024-06-28,89.22180938720703,40.68436050415039,73.44729614257812,215.00999450683594,531.6343994140625,83.57250213623047,77.62944793701172
2024-07-01,88.74327850341797,40.779884338378906,73.57855987548828,215.57000732421875,532.7285766601562,82.1301040649414,76.89727020263672
2024-07-02,89.03831481933594,40.904075622558594,73.75672149658203,215.55999755859375,536.3136596679688,82.76953887939453,77.25873565673828
2024-07-03,89.51776123046875,41.50587844848633,74.60060119628906,217.99000549316406,538.7069702148438,83.85658264160156,77.1845703125
2024-07-05,89.96954345703125,41.67782974243164,75.09757995605469,220.92999267578125,541.8134765625,84.55081939697266,77.39774322509766
2024-07-08,89.99722290039062,41.6873779296875,74.7225112915039,218.19000244140625,542.4385375976562,84.73350524902344,77.6479721069336
2024-07-09,89.91423797607422,41.85932540893555,74.4224624633789,218.55999755859375,542.9661865234375,84.35899353027344,77.62944793701172
2024-07-10,90.00643157958984,42.09813690185547,75.47264862060547,219.36000061035156,548.3388061523438,84.62388610839844,78.20405578613281
2024-07-11,90.4674301147461,42.34650802612305,75.68830108642578,223.25,543.6109008789062,85.4460220336914,80.44694519042969
2024-07-12,90.71639251708984,42.51845169067383,76.49470520019531,223.11000061035156,547.0397338867188,85.8113784790039,81.05863189697266
2024-07-15,90.40289306640625,42.069480895996094,75.81958770751953,223.8300018310547,548.5440063476562,84.8248519897461,81.60545349121094
2024-07-16,90.77169799804688,42.30829620361328,76.18527221679688,228.2899932861328,551.7969970703125,86.02149200439453,82.60639953613281
2024-07-17,90.83624267578125,41.620513916015625,75.78207397460938,227.22999572753906,544.0602416992188,86.03976440429688,83.1717529296875
2024-07-18,90.58731079101562,41.22885513305664,75.03193664550781,225.77999877929688,539.879150390625,85.38206481933594,82.43958282470703
2024-07-19,90.40289306640625,40.82765197753906,74.57247924804688,221.72999572753906,536.2941284179688,84.87964630126953,82.29129028320312
2024-07-22,90.3659896850586,41.171539306640625,75.3601303100586,221.8000030517578,541.8231811523438,84.63302612304688,83.14395141601562
2024-07-23,90.35679626464844,40.80854034423828,74.93817138671875,222.5800018310547,540.973388671875,84.51427459716797,83.07907104492188
2024-07-24,90.08018493652344,40.216285705566406,73.99114227294922,221.8000030517578,528.7135620117188,83.60079193115234,81.8556900024414
2024-07-25,90.32914733886719,40.053890228271484,73.52230834960938,218.3300018310547,525.958740234375,84.28589630126953,81.58690643310547
2024-07-26,90.65184783935547,40.46465301513672,74.45996856689453,220.6300048828125,531.8492431640625,84.94359588623047,83.01419067382812
2024-07-29,90.79936218261719,40.33091735839844,74.13179016113281,220.32000732421875,532.161865234375,85.40032958984375,83.44053649902344
2024-07-30,90.89155578613281,40.149410247802734,74.3005599975586,222.52000427246094,529.4657592773438,85.72917938232422,84.08929443359375
2024-07-31,91.3802261352539,41.028255462646484,75.35074615478516,226.5500030517578,538.072021484375,86.60610961914062,83.79271697998047
2024-08-01,91.76309204101562,40.31181335449219,73.35352325439453,225.77000427246094,530.4523315429688,87.35308074951172,84.63611602783203
2024-08-02,92.78968048095703,39.7386589050293,72.20018768310547,225.33999633789062,520.5762329101562,90.07511138916016,84.58977508544922
2024-08-05,92.7156982421875,38.611454010009766,70.62492370605469,222.47999572753906,505.4151611328125,90.55172729492188,82.17081451416016
2024-08-06,92.16080474853516,38.83116149902344,70.74681091308594,220.6999969482422,510.07470703125,88.5262222290039,83.79271697998047
2024-08-07,91.88333892822266,39.06998062133789,71.08436584472656,220.5500030517578,506.6654052734375,87.90299224853516,83.21810150146484
2024-08-08,91.74461364746094,39.95836639404297,72.27521514892578,224.00999450683594,518.3782348632812,87.36225891113281,84.03368377685547
2024-08-09,92.06832122802734,40.178077697753906,72.55650329589844,224.55999755859375,520.6640625,88.22379302978516,84.4229507446289
2024-08-12,92.22554779052734,40.31181335449219,72.49085998535156,228.41000366210938,520.9376831054688,88.5445327758789,83.80197143554688
2024-08-13,92.59547424316406,40.76077651977539,73.73796844482422,228.05999755859375,529.5048217773438,89.15860748291016,84.53417205810547
2024-08-14,92.76193237304688,40.541072845458984,74.00989532470703,226.1999969482422,531.1752319335938,89.71768188476562,84.756591796875
2024-08-15,92.37352752685547,40.99004364013672,74.91004943847656,226.91000366210938,540.2797241210938,88.99364471435547,84.69172668457031
2024-08-16,92.59547424316406,41.46767044067383,75.32262420654297,231.99000549316406,541.4910888671875,89.30525970458984,84.6453857421875
2024-08-19,92.69720458984375,41.86888122558594,76.24153137207031,231.61000061035156,546.6685180664062,89.71768188476562,85.3497543334961
2024-08-20,92.97466278076172,41.54409408569336,76.0071029663086,232.4600067138672,545.7794799804688,90.43255615234375,85.247802734375
2024-08-21,93.15037536621094,41.706485748291016,76.71035766601562,232.14999389648438,547.6551513671875,90.487548828125,85.70193481445312
2024-08-22,92.77119445800781,41.19064712524414,76.2602767944336,229.3699951171875,543.3568115234375,89.58936309814453,85.95217895507812
2024-08-23,93.19662475585938,41.87843322753906,77.65740203857422,232.02000427246094,549.1302490234375,90.17594146728516,87.84286499023438
2024-08-26,93.1133804321289,41.52499008178711,77.31047058105469,232.75999450683594,547.8212280273438,89.94683074951172,87.80580139160156
2024-08-27,93.14114379882812,41.58230209350586,77.66677856445312,233.38999938964844,548.5734252929688,89.791015625,87.935546875
2024-08-28,93.0578842163086,41.324378967285156,77.39485931396484,231.75,545.3887329101562,89.68103790283203,87.59263610839844
2024-08-29,92.93766021728516,41.34348678588867,77.68553161621094,232.9499969482422,545.4376220703125,89.38773345947266,87.32384490966797
2024-08-30,92.7156982421875,41.42945861816406,77.80743408203125,231.2899932861328,550.6444091796875,88.43457794189453,88.16725158691406
2024-09-03,93.1072006225586,40.60793685913086,76.57908630371094,230.2899932861328,539.3125610351562,89.88092803955078,88.12091827392578
2024-09-04,93.51541900634766,40.598384857177734,76.24153137207031,230.42999267578125,538.2088012695312,91.03951263427734,88.37114715576172
2024-09-05,93.75659942626953,40.655704498291016,76.2602767944336,232.35000610351562,536.8997802734375,91.55440521240234,88.08383178710938
2024-09-06,93.87720489501953,39.91059875488281,74.82566833496094,230.6300048828125,527.8636474609375,91.54522705078125,88.00042724609375
2024-09-09,94.016357421875,40.24494552612305,75.57579040527344,231.60000610351562,533.773681640625,91.94060516357422,88.98284149169922
2024-09-10,94.30398559570312,40.09210205078125,75.20072174072266,232.6199951171875,536.0988159179688,92.58427429199219,90.27110290527344
2024-09-11,94.2761459350586,40.38823699951172,75.65080261230469,232.25,541.5985717773438,92.51069641113281,90.09500885009766
2024-09-12,94.1926498413086,40.722572326660156,76.26966094970703,236.3300018310547,546.1605224609375,92.07852935791016,90.47500610351562
2024-09-13,94.38746643066406,40.91362762451172,76.44781494140625,238.67999267578125,549.012939453125,92.32681274414062,91.42034149169922
2024-09-16,94.6101303100586,41.04736328125,77.0666732788086,238.66000366210938,549.8237915039062,93.17273712158203,91.7261962890625
2024-09-17,94.51734161376953,41.095123291015625,76.6353530883789,237.33999633789062,550.0485229492188,92.72218322753906,91.0866928100586
2024-09-18,94.22047424316406,40.95183563232422,76.39156341552734,235.50999450683594,548.4171752929688,91.57280731201172,90.97547912597656
2024-09-19,94.22975158691406,41.82111358642578,77.90119934082031,239.1699981689453,557.7755126953125,91.2693862915039,90.99401092529297
2024-09-20,94.14627075195312,41.73514175415039,77.13231658935547,242.2100067138672,556.8113403320312,90.91996002197266,90.63256072998047
2024-09-23,94.10916137695312,42.0599250793457,77.42298126220703,242.67999267578125,558.2026977539062,90.72686004638672,91.53156280517578
2024-09-24,94.23902893066406,43.49281692504883,77.88243865966797,246.07000732421875,559.7998657226562,90.70848846435547,91.66132354736328
2024-09-25,93.87720489501953,43.0342903137207,77.46049499511719,245.72999572753906,558.5653076171875,89.95448303222656,91.04962921142578
2024-09-26,93.8957748413086,44.6104621887207,79.16704559326172,246.97999572753906,560.7798461914062,90.16596984863281,90.22476196289062
2024-09-27,94.1648178100586,44.52449035644531,78.68883514404297,245.02000427246094,559.9664916992188,90.63493347167969,90.33972930908203
2024-09-30,93.95142364501953,43.808048248291016,78.41691589355469,243.05999755859375,562.21044921875,90.20275115966797,91.05001831054688
2024-10-01,94.19989776611328,44.12328338623047,77.83556365966797,245.61000061035156,557.1738891601562,90.85403442382812,90.46122741699219
2024-10-02,94.00448608398438,44.99256896972656,77.67615509033203,245.66000366210938,557.4090576171875,90.08836364746094,90.14344787597656
2024-10-03,93.62293243408203,44.45762252807617,76.95416259765625,245.49000549316406,556.3900146484375,89.23968505859375,89.32099914550781
2024-10-04,93.0180892944336,44.868385314941406,77.40423583984375,245.0,561.4461059570312,88.1419677734375,88.89107513427734
2024-10-07,92.70169830322266,45.24093246459961,76.972900390625,244.1699981689453,556.370361328125,87.47779083251953,88.10598754882812
2024-10-08,92.85990905761719,44.12328338623047,76.85101318359375,242.3699951171875,561.6322631835938,87.62538146972656,88.2835693359375
2024-10-09,92.61795043945312,43.88446807861328,76.86976623535156,241.0500030517578,565.5224609375,87.12724304199219,88.37703704833984
2024-10-10,92.56212615966797,43.97043991088867,76.77598571777344,242.82000732421875,564.5327758789062,86.78593444824219,87.59196472167969
2024-10-11,92.59003448486328,44.285675048828125,77.16981506347656,245.47000122070312,567.9132080078125,86.43539428710938,88.58264923095703
2024-10-14,92.50627136230469,44.10417938232422,77.39485931396484,245.07000732421875,572.557861328125,86.49996948242188,89.11538696289062
2024-10-15,92.87849426269531,43.168025970458984,76.1102523803711,245.9199981689453,568.1093139648438,87.55158996582031,90.190185546875
2024-10-16,92.99946594238281,43.50237274169922,76.30716705322266,247.14999389648438,570.5785522460938,87.92058563232422,91.1808853149414
2024-10-17,92.54350280761719,43.43549728393555,76.31653594970703,248.6300048828125,570.62744140625,86.52765655517578,90.46122741699219
2024-10-18,92.608642578125,43.86536407470703,76.83226776123047,251.27000427246094,572.8224487304688,86.59220886230469,91.13414764404297
2024-10-21,91.96656799316406,43.5596809387207,75.92272186279297,251.22000122070312,571.8816528320312,85.0793685913086,89.3490219116211
2024-10-22,91.98516082763672,43.46416091918945,75.49139404296875,253.92999267578125,571.5779418945312,85.1623764038086,89.4798812866211
2024-10-23,91.75254821777344,43.20623779296875,74.73188781738281,250.8699951171875,566.3552856445312,84.9317626953125,90.13411712646484
2024-10-24,91.9293441772461,43.13936996459961,75.15383911132812,252.8000030517578,567.5801391601562,85.47602844238281,90.33037567138672
2024-10-25,91.74323272705078,43.101158142089844,74.90067291259766,253.32000732421875,567.3840942382812,84.99634552001953,89.4798812866211
2024-10-28,91.59435272216797,43.29220962524414,75.50077056884766,253.3300018310547,569.1381225585938,84.7657241821289,89.76026153564453
2024-10-29,91.69671630859375,43.15847396850586,75.22885131835938,256.0899963378906,570.0592651367188,84.89485168457031,89.11538696289062
2024-10-30,91.60364532470703,42.73816680908203,74.74127197265625,257.5,568.3346557617188,85.14393615722656,89.5079116821289
2024-10-31,91.58504486083984,42.46113967895508,74.28182220458984,253.50999450683594,557.1934814453125,85.28229522705078,87.99383544921875
2024-11-01,91.22097778320312,42.49934768676758,74.43183135986328,252.47000122070312,559.545166015625,84.07997131347656,87.02184295654297
2024-11-04,91.60370635986328,42.73816680908203,74.48809814453125,252.8300018310547,558.3399047851562,85.38504791259766,87.97515869140625
2024-11-05,91.81842041015625,43.320865631103516,75.22885131835938,253.39999389648438,565.09130859375,85.83857727050781,89.1434097290039
2024-11-06,91.099609375,42.78592300415039,74.14115905761719,245.6999969482422,579.1426391601562,83.48758697509766,87.24615478515625
2024-11-07,91.7904052734375,43.73162841796875,75.266357421875,249.64999389648438,583.62060546875,84.53351593017578,88.29293060302734
2024-11-08,91.9490966796875,42.652191162109375,74.22555541992188,247.9600067138672,586.1486206054688,85.607177734375,89.61073303222656
2024-11-11,91.74372863769531,42.32740783691406,74.24430084228516,242.13999938964844,586.707275390625,85.19066619873047,89.16211700439453
2024-11-12,91.21163940429688,41.52499008178711,72.86592864990234,240.0500030517578,584.8846435546875,83.91337585449219,87.92842864990234
2024-11-13,91.19296264648438,41.257511138916016,72.43460845947266,237.6300048828125,585.1688232421875,83.11737060546875,88.41441345214844
2024-11-14,91.15562438964844,41.028255462646484,72.58464050292969,237.00999450683594,581.4060668945312,83.59867858886719,87.6199951171875
2024-11-15,91.16497802734375,41.028255462646484,72.32208251953125,236.58999633789062,573.9590454101562,83.37653350830078,87.66673278808594
2024-11-18,91.24898529052734,41.4963264465332,72.71591186523438,241.08999633789062,576.310791015625,83.52462005615234,88.3022689819336
2024-11-19,91.3796615600586,41.46767044067383,72.62214660644531,243.25,578.4174194335938,83.9504165649414,88.732177734375
2024-11-20,91.28631591796875,41.41990661621094,72.42523193359375,244.6199951171875,578.6134643554688,83.68195343017578,88.62002563476562
2024-11-21,91.2396469116211,41.33393478393555,72.4439926147461,246.66000366210938,581.7196044921875,83.61717224121094,89.2742691040039
2024-11-22,91.30498504638672,41.34348678588867,72.72528839111328,249.83999633789062,583.5225830078125,83.66345977783203,89.94718170166016
2024-11-25,92.12644958496094,41.37214279174805,73.10034942626953,242.47999572753906,585.501953125,85.8293228149414,91.19956970214844
2024-11-26,91.9864501953125,41.200199127197266,72.67840576171875,242.9499969482422,588.5591430664062,85.4961166381836,91.5640640258789
2024-11-27,92.23847961425781,41.257511138916016,73.07221984863281,243.49000549316406,586.7756958007812,86.08849334716797,92.15287780761719
2024-11-29,92.60254669189453,41.324378967285156,74.04739379882812,245.58999633789062,590.4208984375,86.97704315185547,91.74164581298828
2024-12-02,92.6137924194336,41.48677444458008,74.2536849975586,243.44000244140625,591.4790649414062,87.18602752685547,90.4051513671875
2024-12-03,92.43587493896484,41.572750091552734,74.67562866210938,243.92999267578125,591.7536010742188,86.43370056152344,89.94718170166016
2024-12-04,92.73551940917969,41.67782974243164,74.73188781738281,244.6699981689453,595.427978515625,87.36250305175781,89.70418548583984
2024-12-05,92.75425720214844,41.95484924316406,75.09757995605469,242.86000061035156,594.4481811523438,87.53895568847656,89.48922729492188
2024-12-06,93.01644897460938,41.88798141479492,75.08819580078125,242.9499969482422,595.574951171875,87.66902160644531,89.3583755493164
2024-12-09,92.74488830566406,42.747711181640625,75.04131317138672,245.36000061035156,592.508056640625,86.8609390258789,89.61073303222656
2024-12-10,92.63251495361328,42.0599250793457,74.36620330810547,248.58999633789062,590.6658935546875,86.45228576660156,88.31160736083984
2024-12-11,92.41712188720703,42.231876373291016,74.83502960205078,250.9600067138672,595.2321166992188,85.63493347167969,88.10598754882812
2024-12-12,92.04254913330078,42.0217170715332,74.17866516113281,247.27999877929688,592.1651000976562,84.59468841552734,87.96580505371094
2024-12-13,91.69608306884766,42.0599250793457,73.97237396240234,244.2899932861328,592.0474853515625,83.73091125488281,87.71346282958984
2024-12-16,91.78034210205078,41.83066940307617,73.72858428955078,244.8800048828125,594.5755615234375,83.98168182373047,87.40504455566406
2024-12-17,91.78034210205078,41.730613708496094,73.61168670654297,243.94000244140625,592.1258544921875,84.1860122680664,86.98445892333984
2024-12-18,91.08139038085938,40.75923156738281,71.80584716796875,239.25999450683594,574.4784545898438,83.13333129882812,83.39554595947266
2024-12-19,90.84651184082031,40.895225524902344,71.5777359008789,239.60000610351562,574.302001953125,81.87457275390625,82.10578155517578
2024-12-20,91.09078216552734,41.06036376953125,71.37814331054688,242.10000610351562,581.199951171875,82.34078216552734,83.489013671875
2024-12-23,90.8089370727539,41.29349136352539,71.84385681152344,240.9600067138672,584.6803588867188,81.58553314208984,83.81550598144531
2024-12-24,90.91226959228516,41.41977310180664,72.10047912597656,241.44000244140625,591.1791381835938,81.9305419921875,84.37227630615234
2024-12-26,90.97801971435547,41.274070739746094,72.44263458251953,243.07000732421875,591.2184448242188,81.8839111328125,84.59874725341797
2024-12-27,90.79015350341797,41.08950424194336,72.33809661865234,241.39999389648438,584.9949340820312,81.21256256103516,83.74945831298828
2024-12-30,91.14714050292969,40.75923156738281,71.86286926269531,240.6300048828125,578.3192138671875,81.86528015136719,83.3342514038086
2024-12-31,91.03440856933594,40.62323760986328,71.86286926269531,242.1300048828125,576.2152709960938,81.42704772949219,84.06086730957031
2025-01-02,91.04380798339844,40.56495666503906,71.61575317382812,245.4199981689453,574.7994995117188,81.65081024169922,83.31537628173828
2025-01-03,90.94988250732422,40.94380187988281,71.92940521240234,243.49000549316406,581.9864501953125,81.38972473144531,84.4100112915039
2025-01-06,90.85591125488281,41.08950424194336,72.61371612548828,243.19000244140625,585.339111328125,81.02608489990234,83.32481384277344
2025-01-07,90.53649139404297,40.79808807373047,72.55668640136719,244.55999755859375,578.722412109375,80.1123275756836,82.53214263916016
2025-01-08,90.63983917236328,40.60381317138672,72.44263458251953,245.86000061035156,579.5678100585938,80.21489715576172,82.74917602539062
2025-01-10,90.13252258300781,39.91413116455078,71.34012603759766,248.2100067138672,570.71923828125,79.68343353271484,80.7297592163086
2025-01-13,90.04796600341797,39.642147064208984,71.14053344726562,245.74000549316406,571.604248046875,79.65546417236328,81.72059631347656
2025-01-14,90.07613372802734,40.0889778137207,71.39715576171875,247.02999877929688,572.3907470703125,79.52491760253906,82.46609497070312
2025-01-15,90.85591125488281,40.613529205322266,72.30957794189453,248.8800048828125,582.8025512695312,80.89555358886719,82.93791198730469
2025-01-16,91.0531997680664,40.56495666503906,72.68025207519531,250.60000610351562,581.6817626953125,81.1566390991211,84.6553726196289
2025-01-17,91.0531997680664,40.88551330566406,72.97488403320312,249.27000427246094,587.5217895507812,81.29649353027344,84.59874725341797
2025-01-21,91.35383605957031,41.322635650634766,74.44807434082031,253.1300048828125,592.8995361328125,82.0237808227539,86.18409729003906
2025-01-22,91.13774108886719,41.351776123046875,74.2770004272461,254.42999267578125,596.2326049804688,81.5948715209961,84.68367767333984
2025-01-23,90.9874267578125,41.448909759521484,74.8852767944336,254.07000732421875,599.4869384765625,80.96082305908203,85.30648803710938
2025-01-24,91.13774108886719,41.72090530395508,75.30347442626953,255.64999389648438,597.7367553710938,81.32445526123047,85.59901428222656
2025-01-27,91.64507293701172,40.96322250366211,75.30347442626953,252.99000549316406,589.2815551757812,82.28482055664062,86.7408447265625
2025-01-28,91.61687469482422,41.26435470581055,75.20842742919922,255.17999267578125,594.3449096679688,82.22891235351562,85.6933822631836
2025-01-29,91.56050109863281,41.274070739746094,75.19892120361328,254.1999969482422,591.6805419921875,82.06106567382812,84.56100463867188
2025-01-30,91.6920394897461,41.97346115112305,76.02579498291016,258.04998779296875,594.8561401367188,82.3687515258789,85.63677215576172
2025-01-31,91.50414276123047,41.49748229980469,75.31297302246094,258.55999755859375,591.6903076171875,81.82797241210938,85.44804382324219
2025-02-03,91.59086608886719,41.196353912353516,74.4290542602539,259.94000244140625,587.7084350585938,82.49421691894531,85.26873779296875
2025-02-04,91.76052856445312,41.934608459472656,75.2939682006836,262.5,591.6510009765625,82.74686431884766,85.33480072021484
2025-02-05,92.25067138671875,41.827754974365234,76.02579498291016,264.1300048828125,594.0499267578125,84.11302185058594,86.53324890136719
2025-02-06,92.15640258789062,42.00260543823242,76.38697052001953,263.42999267578125,596.1146240234375,84.07559967041016,86.75027465820312
2025-02-07,91.86421203613281,41.963748931884766,75.66463470458984,263.8999938964844,590.6580200195312,83.5328598022461,86.4671859741211
2025-02-10,91.89248657226562,42.4688720703125,76.1778793334961,268.3699951171875,594.6693115234375,83.28023529052734,86.42943572998047
2025-02-11,91.68513488769531,42.303733825683594,76.53904724121094,267.3900146484375,595.12158203125,82.74686431884766,86.8069076538086
2025-02-12,91.20439910888672,42.536865234375,76.82417297363281,267.6700134277344,593.204345703125,81.62398529052734,86.00479888916016
2025-02-13,91.7510986328125,42.8088493347168,77.75559997558594,270.30999755859375,599.46728515625,82.98078918457031,86.863525390625
2025-02-14,92.0904312133789,43.139122009277344,77.86965942382812,266.2900085449219,599.4376831054688,83.42057800292969,86.4671859741211
2025-02-18,91.72280883789062,43.411109924316406,78.43041229248047,270.70001220703125,601.197509765625,82.43807983398438,86.85408782958984
2025-02-19,91.85478210449219,43.343109130859375,77.6225357055664,270.8500061035156,602.6133422851562,82.54100799560547,86.9201431274414
2025-02-20,91.99617004394531,43.74137878417969,77.98371124267578,270.989990234375,600.1062622070312,82.84979248046875,87.33536529541016
2025-02-21,92.3920669555664,43.61510467529297,77.49898529052734,270.739990234375,589.8419799804688,83.85102081298828,86.47662353515625
2025-02-24,92.55229187011719,42.944847106933594,77.45146179199219,272.2099914550781,587.157958984375,84.09429168701172,86.81633758544922
2025-02-25,93.12727355957031,42.9739875793457,78.15479278564453,268.6199951171875,584.2379150390625,85.54470825195312,87.88267517089844
2025-02-26,93.27809143066406,43.40139389038086,78.25933837890625,269.0299987792969,584.5328979492188,86.04998016357422,87.51464080810547
2025-02-27,93.13671112060547,42.55629348754883,77.37543487548828,264.92999267578125,575.2025756835938,85.44175720214844,87.86380004882812
2025-02-28,93.55145263671875,41.97346115112305,77.5370101928711,263.2699890136719,584.178955078125,86.48976135253906,88.60929107666016
2025-03-03,93.75377655029297,41.60434341430664,78.39241027832031,266.739990234375,573.9441528320312,86.8934326171875,89.02449798583984
2025-03-04,93.51739501953125,41.95403289794922,78.3733901977539,269.05999755859375,567.1505126953125,85.82332611083984,87.99591827392578
2025-03-05,93.19593048095703,43.20711898803711,80.24576568603516,269.6199951171875,573.24609375,85.13809967041016,88.9773178100586
2025-03-06,93.10137939453125,42.93513488769531,79.41887664794922,268.25,563.0703735351562,84.85648345947266,86.69366455078125
2025-03-07,92.98792266845703,43.148834228515625,80.24576568603516,268.3900146484375,566.226318359375,84.58427429199219,87.2126693725586
2025-03-10,93.43231201171875,42.11916732788086,78.35438537597656,266.0400085449219,551.1445922851562,85.46662139892578,86.37281799316406
2025-03-11,93.10137939453125,42.4688720703125,78.0882568359375,269.1600036621094,546.5629272460938,84.85648345947266,85.36310577392578
2025-03-12,92.82720184326172,42.70199966430664,78.64901733398438,270.3299865722656,549.4632568359375,84.34960174560547,85.098876953125
2025-03-13,93.11084747314453,42.52714920043945,78.12628173828125,275.1300048828125,542.138671875,85.09115600585938,83.41918182373047
2025-03-14,92.9217300415039,43.304256439208984,79.56143951416016,275.239990234375,553.3369140625,84.6406021118164,85.0894546508789
2025-03-17,93.04464721679688,44.04250717163086,80.4548568725586,276.7300109863281,557.6039428710938,85.06299591064453,86.54267883300781
2025-03-18,93.13920593261719,43.819091796875,80.44535827636719,279.9599914550781,551.5770874023438,85.1474838256836,86.08972930908203
2025-03-19,93.41340637207031,43.925941467285156,80.68296813964844,281.1099853515625,557.5842895507812,85.58866882324219,86.19351959228516
2025-03-20,93.47012329101562,43.51796340942383,80.00814819335938,280.75,555.971923828125,85.64498901367188,86.13690948486328
2025-03-21,93.35665893554688,43.304256439208984,79.51392364501953,278.489990234375,556.1552734375,85.13809967041016,85.1838150024414
2025-03-24,92.99739074707031,43.498531341552734,79.5044174194336,277.25,566.1151733398438,84.2651138305664,86.49549865722656
2025-03-25,93.08247375488281,43.372257232666016,79.94161987304688,278.4700012207031,567.4760131835938,84.2557373046875,85.52498626708984
2025-03-26,92.85557556152344,43.109981536865234,78.9056396484375,278.239990234375,560.7012939453125,83.70189666748047,85.85865783691406
2025-03-27,92.80828094482422,43.32368469238281,79.07671356201172,281.9700012207031,559.2122802734375,83.4578628540039,85.63938903808594
2025-03-28,93.34722137451172,42.51743698120117,78.3733901977539,284.05999755859375,547.9507446289062,84.6124267578125,85.52498626708984
2025-03-31,93.52686309814453,42.449440002441406,77.67957305908203,288.1400146484375,551.6289672851562,85.44786071777344,86.3162612915039
2025-04-01,93.87310028076172,42.58543395996094,77.79362487792969,287.57000732421875,553.18701171875,86.18831634521484,86.35440063476562
2025-04-02,93.76874542236328,42.643714904785156,77.97420501708984,288.1600036621094,556.6878662109375,86.13179016113281,86.87874603271484
2025-04-03,94.26202392578125,41.740333557128906,76.3394546508789,286.4200134277344,529.2537841796875,86.52745056152344,83.91382598876953
2025-04-04,94.3473892211914,39.41872787475586,71.3021011352539,279.7200012207031,498.2696838378906,87.46949768066406,80.27202606201172
2025-04-07,93.15215301513672,37.951934814453125,69.5818099975586,273.7099914550781,497.3821716308594,84.83175659179688,78.1651382446289
2025-04-08,92.66838073730469,37.41767501831055,69.34420013427734,275.20001220703125,489.5918273925781,83.2302474975586,76.06776428222656
2025-04-09,92.87708282470703,40.01126480102539,74.69517517089844,285.3800048828125,541.0084228515625,83.72013854980469,80.60570526123047
2025-04-10,92.14665222167969,39.32158660888672,73.22200012207031,292.3500061035156,517.3019409179688,81.41210174560547,78.76573181152344
2025-04-11,92.0517807006836,40.55524444580078,75.05635833740234,297.92999267578125,526.5320434570312,81.85487365722656,79.72862243652344
2025-04-14,92.59247589111328,40.92436981201172,75.86422729492188,296.2300109863281,531.6401977539062,82.43895721435547,81.37791442871094
2025-04-15,92.7822036743164,40.88551330566406,76.54854583740234,297.7799987792969,530.1510620117188,82.7309799194336,81.62579345703125
2025-04-16,93.0762710571289,40.40953826904297,76.25390625,307.4700012207031,518.3668823242188,83.19258880615234,81.5685806274414
2025-04-17,92.8391342163086,40.720375061035156,77.08079528808594,306.1199951171875,519.1065063476562,82.45777893066406,82.78887176513672
2025-04-21,92.27943420410156,40.710662841796875,76.66259765625,315.5899963378906,506.7503356933594,81.01643371582031,81.06331634521484
2025-04-22,92.45018005371094,41.322635650634766,78.24983978271484,311.1099853515625,519.9349365234375,81.46863555908203,82.6363296508789
2025-04-23,92.67786407470703,41.798614501953125,78.56349182128906,303.6499938964844,527.991455078125,82.25995635986328,82.78887176513672
2025-04-24,93.19010162353516,42.284305572509766,79.60897064208984,308.07000732421875,539.105224609375,83.12662506103516,83.09395599365234
2025-04-25,93.53160095214844,42.20659255981445,79.95113372802734,304.7300109863281,543.0003662109375,83.73896789550781,82.95093536376953
2025-04-28,93.78771209716797,42.284305572509766,80.4833755493164,309.07000732421875,543.2074584960938,84.26652526855469,83.46575164794922
2025-04-29,94.01537322998047,42.40087127685547,80.64495086669922,306.05999755859375,546.6292724609375,84.9730453491211,83.91382598876953
2025-04-30,93.93000030517578,42.50772476196289,80.5499038696289,303.7699890136719,546.8462524414062,84.28535461425781,84.20936584472656
2025-05-01,93.67401885986328,42.498008728027344,80.29328918457031,297.4599914550781,550.7217407226562,83.8580093383789,84.48583221435547
2025-05-02,93.21720123291016,43.71223831176758,81.83300018310547,297.9800109863281,558.896728515625,82.95030212402344,85.52498626708984
2025-05-05,93.055419921875,44.04250717163086,81.97557067871094,306.8800048828125,555.6917724609375,82.48699951171875,85.33432006835938
2025-05-06,93.2838134765625,43.86766052246094,81.87101745605469,315.4800109863281,551.047119140625,82.76118469238281,84.67650604248047
2025-05-07,93.42655944824219,43.36254119873047,81.59538269042969,310.75,553.3645629882812,83.11103820800781,84.77183532714844
2025-05-08,92.94121551513672,43.33340072631836,81.31026458740234,304.6300048828125,557.2202758789062,82.18441772460938,84.43816375732422
2025-05-09,93.03638458251953,43.62481689453125,81.70944213867188,306.8399963378906,556.51025390625,82.30734252929688,85.00065612792969
2025-05-12,92.72232818603516,44.56705856323242,82.12763977050781,298.19000244140625,574.9015502929688,81.54145812988281,85.42012023925781
2025-05-13,92.62715911865234,44.6447639465332,82.232177734375,299.4599914550781,578.6981811523438,81.21053314208984,84.33330535888672
2025-05-14,92.3606948852539,44.9847526550293,81.83300018310547,293.1600036621094,579.437744140625,80.67159271240234,83.50389099121094
2025-05-15,92.88411712646484,44.96532440185547,82.72640991210938,297.8399963378906,582.2678833007812,81.3807373046875,85.02925109863281
2025-05-16,92.94121551513672,44.936180114746094,82.91649627685547,294.239990234375,585.9559326171875,81.59822082519531,86.08747100830078
2025-05-19,92.91265106201172,45.03331756591797,83.70536804199219,298.0299987792969,586.596923828125,81.36182403564453,86.10652160644531
2025-05-20,92.75086975097656,44.9847526550293,84.10455322265625,303.5799865722656,584.624755859375,80.77559661865234,85.60126495361328
2025-05-21,92.14181518554688,44.86818313598633,83.61032104492188,305.82000732421875,574.7733764648438,79.39515686035156,83.32274627685547
2025-05-22,92.40827178955078,44.722476959228516,83.56279754638672,303.1099853515625,575.0001220703125,79.81117248535156,82.94140625
2025-05-23,92.54151153564453,44.907039642333984,83.6768569946289,309.75,571.0753173828125,79.94355773925781,83.02720642089844
2025-05-27,92.96024322509766,44.80018615722656,84.89342498779297,304.5,582.9483642578125,81.05926513671875,84.47630310058594
2025-05-28,92.78894805908203,44.596195220947266,83.91446685791016,303.80999755859375,579.5758056640625,80.70941925048828,84.3905029296875
2025-05-29,93.13153839111328,44.76133346557617,84.2851333618164,305.6099853515625,581.863525390625,81.45636749267578,85.15318298339844
2025-05-30,93.35995483398438,44.21735763549805,84.40869140625,303.6000061035156,581.2128295898438,81.57929229736328,85.15318298339844
2025-06-02,93.11455535888672,44.53791046142578,85.31161499023438,311.6700134277344,584.4866943359375,80.820068359375,85.26759338378906
2025-06-03,93.04771423339844,44.6447639465332,84.66532135009766,308.9100036621094,587.81982421875,80.67770385742188,85.09599304199219
2025-06-04,93.60152435302734,45.19845199584961,85.04549407958984,310.8999938964844,587.6619262695312,81.98737335205078,85.33432006835938
2025-06-05,93.3628158569336,45.43158721923828,84.98846435546875,309.3299865722656,584.8218994140625,82.0443115234375,85.26759338378906
2025-06-06,92.88539123535156,45.577293395996094,85.2926025390625,305.17999267578125,590.8274536132812,81.00037384033203,85.67752075195312
2025-06-09,92.99998474121094,45.96584701538086,85.2831039428711,306.6199951171875,591.3599243164062,81.08580017089844,85.79192352294922
2025-06-10,93.21005249023438,46.228118896484375,85.39715576171875,306.7099914550781,594.7127685546875,81.50335693359375,86.5260009765625
2025-06-11,93.52513122558594,46.422401428222656,85.25458526611328,308.3699951171875,593.0166625976562,81.75012969970703,86.05885314941406
2025-06-12,93.8688735961914,46.50010681152344,85.91039276123047,312.20001220703125,595.3734741210938,82.72761535644531,86.47834014892578
2025-06-13,93.53469848632812,45.76185989379883,84.8078842163086,316.2900085449219,588.7171630859375,81.93043518066406,85.63938903808594
2025-06-16,93.34371948242188,46.32286834716797,85.12599182128906,311.7799987792969,594.3182983398438,81.10477447509766,85.70612335205078
2025-06-17,93.63015747070312,45.714778900146484,84.08174133300781,311.94000244140625,589.2398681640625,82.0917739868164,85.40105438232422
2025-06-18,93.6969985961914,45.7049674987793,84.22677612304688,310.260009765625,589.1510620117188,82.23413848876953,85.69659423828125
2025-06-20,93.78294372558594,45.44015884399414,83.47259521484375,310.1300048828125,587.7673950195312,82.082275390625,85.63938903808594
2025-06-23,93.97388458251953,45.8128547668457,84.10108184814453,311.0799865722656,593.5730590820312,82.3480224609375,86.92642211914062
2025-06-24,94.35584259033203,46.99961471557617,85.12599182128906,306.19000244140625,600.13037109375,82.9458999633789,87.15521240234375
2025-06-25,94.34628295898438,47.038848876953125,84.66188049316406,307.1199951171875,600.4666748046875,83.05030059814453,85.0578384399414
2025-06-26,94.60408020019531,47.35270309448242,85.60944366455078,306.7799987792969,605.1646118164062,83.46786499023438,84.9789047241211
2025-06-27,94.33672332763672,47.166351318359375,86.38296508789062,301.2200012207031,608.1712646484375,82.93640899658203,85.19070434570312
2025-06-30,94.71865844726562,47.313472747802734,86.43131256103516,304.8299865722656,611.0791015625,83.75260162353516,85.73944854736328
2025-07-01,94.6314926147461,47.4017448425293,86.2862777709961,307.54998779296875,610.8812866210938,83.96024322509766,86.36521911621094
2025-07-02,94.51655578613281,47.60771179199219,86.53766632080078,309.25,613.6505737304688,83.42681121826172,86.5673828125
2025-07-03,94.3249740600586,47.823482513427734,86.5570068359375,307.1400146484375,618.4869995117188,82.84573364257812,86.66365814208984
2025-07-07,93.98970031738281,47.14673614501953,85.61911010742188,307.3699951171875,613.8780517578125,82.05508422851562,85.92237091064453
2025-07-08,93.95138549804688,47.440975189208984,86.24759674072266,304.1600036621094,613.5418090820312,81.9503173828125,85.7972183227539
2025-07-09,94.34413146972656,47.36251449584961,86.89542388916016,305.5199890136719,617.2210083007812,82.80763244628906,85.86461639404297
2025-07-10,94.31539916992188,47.490013122558594,86.83740234375,306.20001220703125,618.9617309570312,82.86478424072266,86.40372467041016
2025-07-11,93.92264556884766,47.33308792114258,86.00586700439453,309.1400146484375,616.7858276367188,81.7217025756836,86.4133529663086
2025-07-14,93.9130859375,47.4017448425293,86.00586700439453,308.010009765625,617.9627075195312,81.55022430419922,86.97172546386719
2025-07-15,93.63528442382812,47.745018005371094,85.10665130615234,306.7300109863281,615.3220825195312,80.97868347167969,85.69132232666016
2025-07-16,93.76939392089844,47.970603942871094,85.4547348022461,308.260009765625,617.3792114257812,81.0929946899414,86.5
2025-07-17,93.80770874023438,48.24522399902344,85.6771240234375,307.5899963378906,621.1574096679688,81.07393646240234,86.40372467041016
2025-07-18,93.98013305664062,48.1373405456543,85.4354019165039,308.3900146484375,620.7024536132812,81.19776916503906,86.5866470336914
2025-07-21,94.23876190185547,48.45119094848633,85.88984680175781,313.1300048828125,621.87939453125,81.92172241210938,86.94284057617188
2025-07-22,94.4207534790039,48.480613708496094,86.3636245727539,316.1000061035156,621.9683837890625,82.41706085205078,88.43505859375
2025-07-23,94.21002197265625,48.971012115478516,88.51014709472656,312.17999267578125,627.2598266601562,81.9598388671875,88.60834503173828
2025-07-24,94.15255737304688,48.706199645996094,87.8526611328125,310.2699890136719,627.4674682617188,81.81693267822266,88.30027770996094
2025-07-25,94.30581665039062,48.55907440185547,87.74629211425781,307.3999938964844,630.1181030273438,82.33134460449219,88.30990600585938
2025-07-28,94.18128967285156,48.235416412353516,86.3346176147461,305.4100036621094,629.9598999023438,81.79788970947266,86.89471435546875
2025-07-29,94.68896484375,48.255035400390625,86.16057586669922,306.25,628.2982177734375,83.17913055419922,88.29064178466797
2025-07-30,94.4207534790039,47.901947021484375,85.54176330566406,300.9599914550781,627.507080078125,82.7504653930664,87.03911590576172
2025-07-31,94.46864318847656,47.62732696533203,84.62319946289062,302.9599914550781,625.1531982421875,82.798095703125,85.81646728515625
2025-08-01,95.28561401367188,47.27424240112305,84.40081787109375,309.1099853515625,614.9065551757812,83.97520446777344,85.60466766357422
2025-08-04,95.36250305175781,47.7646369934082,85.52242279052734,310.9100036621094,624.2530517578125,84.20470428466797,86.48074340820312
2025-08-05,95.3913345336914,47.901947021484375,85.51275634765625,311.1600036621094,621.0880737304688,84.462890625,86.87545776367188
2025-08-06,95.35289001464844,48.12752914428711,86.07355499267578,310.5,625.845458984375,83.97520446777344,86.2015609741211
2025-08-07,95.27598571777344,48.5296516418457,86.84707641601562,313.1199951171875,625.3212280273438,83.83175659179688,86.45186614990234
2025-08-08,95.09339141845703,48.490421295166016,87.37887573242188,313.04998779296875,630.1972045898438,83.46842193603516,85.73944854736328
2025-08-11,95.16065979003906,48.353111267089844,87.01144409179688,308.54998779296875,628.9510498046875,83.56404113769531,85.17145538330078
2025-08-12,95.16065979003906,48.94158935546875,88.07503509521484,308.2699890136719,635.6469116210938,83.14329528808594,85.6528091430664
2025-08-13,95.50666809082031,49.53006362915039,88.6068344116211,309.2099914550781,637.82275390625,83.83175659179688,86.45186614990234
2025-08-14,95.23755645751953,48.921974182128906,88.61650848388672,307.25,637.882080078125,83.21021270751953,85.83572387695312
2025-08-15,95.09339141845703,48.98081970214844,89.13863372802734,307.42999267578125,636.388671875,82.61737060546875,86.32670593261719
2025-08-18,94.98765563964844,49.26525115966797,89.04193878173828,306.95001220703125,636.2501220703125,82.37831115722656,85.59505462646484
2025-08-19,95.1702651977539,48.86312484741211,89.0516128540039,305.2699890136719,632.7984008789062,82.8564224243164,87.06800079345703
2025-08-20,95.22793579101562,48.794471740722656,89.37068939208984,308.3599853515625,631.1170043945312,83.0381088256836,87.31829833984375
2025-08-21,95.00688934326172,48.68658447265625,88.80988311767578,307.2900085449219,628.5850830078125,82.6269302368164,87.05838012695312
2025-08-22,95.53548431396484,49.657569885253906,90.14421844482422,310.5799865722656,638.2382202148438,83.23892974853516,88.74312591552734
2025-08-25,95.3913345336914,49.373138427734375,88.95491790771484,309.8299865722656,635.42919921875,82.99987030029297,88.2328872680664
2025-08-26,95.50666809082031,49.245635986328125,88.85823822021484,312.0799865722656,638.0897827148438,82.95204162597656,88.00183868408203
2025-08-27,95.602783203125,48.95139694213867,88.64551544189453,312.7099914550781,639.5436401367188,82.8564224243164,88.55058288574219
2025-08-28,95.71810150146484,49.13774490356445,88.97425842285156,315.0299987792969,641.8085327148438,83.40148162841797,88.31953430175781
2025-08-29,95.59315490722656,48.90235900878906,88.45213317871094,318.07000732421875,637.98095703125,82.80860900878906,88.8008804321289
2025-09-02,95.33955383300781,48.86312484741211,87.58192443847656,325.5899963378906,633.2533569335938,82.19237518310547,87.32793426513672
2025-09-03,95.68669891357422,49.04947280883789,87.71728515625,328.1400146484375,636.685302734375,83.09466552734375,87.37606811523438
2025-09-04,96.0724105834961,48.892547607421875,88.3554458618164,326.69000244140625,642.00634765625,83.72816467285156,88.03070831298828
2025-09-05,96.52565002441406,49.48102569580078,88.75187683105469,331.04998779296875,640.14697265625,85.0047607421875,89.0223159790039
2025-09-08,96.8534927368164,49.93218994140625,89.64142608642578,334.82000732421875,641.7195434570312,86.13739776611328,88.50244140625
2025-09-09,96.66063690185547,50.206809997558594,89.34168243408203,334.05999755859375,643.203125,85.64787292480469,88.30027770996094
2025-09-10,96.8534927368164,50.55009078979492,89.32234191894531,335.260009765625,645.0625610351562,86.13739776611328,88.1558609008789
2025-09-11,97.03671264648438,51.28568649291992,90.26991271972656,334.760009765625,650.4231567382812,86.71331787109375,89.76360321044922
2025-09-12,96.94992065429688,51.25625991821289,89.91215515136719,335.4200134277344,650.2055053710938,86.33897399902344,89.34963989257812
2025-09-15,97.11385345458984,51.62895965576172,90.51163482666016,338.9100036621094,653.6671142578125,86.54054260253906,89.20523071289062
2025-09-16,97.15242767333984,52.011470794677734,90.26023864746094,339.5899963378906,652.7671508789062,86.72291564941406,88.7334976196289
2025-09-17,96.9788589477539,52.23705291748047,89.92182159423828,336.9700012207031,651.9561767578125,86.50212860107422,88.61798095703125
2025-09-18,96.7088623046875,52.109554290771484,90.26991271972656,335.6199951171875,655.0023803710938,85.6094741821289,88.81051635742188
2025-09-19,96.7088623046875,51.99185562133789,89.92182159423828,339.17999267578125,658.2465209960938,85.4463119506836,88.2328872680664
2025-09-22,96.5931396484375,52.24686050415039,90.21189880371094,345.04998779296875,661.3607177734375,85.1391372680664,88.25213623046875
2025-09-23,96.74742889404297,52.276283264160156,90.03784942626953,346.4599914550781,657.7606201171875,85.73426055908203,88.7334976196289
2025-09-24,96.564208984375,52.0997428894043,89.5157241821289,343.32000732421875,655.6678466796875,85.40792083740234,87.8607177734375
2025-09-25,96.42921447753906,51.79569625854492,88.87757110595703,344.75,652.6429443359375,85.40792083740234,87.59830474853516
2025-09-26,96.4967041015625,51.69761657714844,89.56407165527344,346.739990234375,656.3820190429688,85.33112335205078,88.46331024169922
2025-09-29,96.67991638183594,52.16839599609375,89.91215515136719,352.4599914550781,658.2266845703125,86.03181457519531,88.49246978759766
2025-09-30,96.6702880859375,52.374366760253906,90.27957916259766,355.4700012207031,660.7061157226562,85.78225708007812,88.8520736694336
2025-10-01,96.91698455810547,52.78629684448242,91.02409362792969,356.0299987792969,662.95751953125,86.00379180908203,88.9881362915039
2025-10-02,97.02340698242188,53.031494140625,91.16912841796875,354.7900085449219,663.7210693359375,86.25422668457031,88.5216293334961
2025-10-03,96.91698455810547,53.18842315673828,91.93297576904297,357.6400146484375,663.7112426757812,86.09046936035156,88.8520736694336
2025-10-06,96.70414733886719,53.43362045288086,92.14569854736328,364.3800048828125,666.0914916992188,85.40660858154297,88.01622009277344
2025-10-07,96.86859893798828,53.021690368652344,91.34317016601562,366.260009765625,663.6219482421875,85.89783477783203,87.69550323486328
2025-10-08,96.8782730102539,53.44343185424805,91.61389923095703,372.29998779296875,667.5791625976562,85.96525573730469,87.23870086669922
2025-10-09,96.76216888427734,52.89418411254883,90.85972595214844,365.42999267578125,665.6452026367188,85.89783477783203,86.76246643066406
2025-10-10,97.1588363647461,50.942405700683594,89.18697357177734,369.1199951171875,647.6542358398438,87.28485107421875,85.65447998046875
2025-10-13,97.34264373779297,52.423404693603516,89.9024887084961,378.0899963378906,657.5919189453125,87.23667907714844,86.19876098632812
2025-10-14,97.4974365234375,51.9526252746582,90.30858612060547,380.7900085449219,656.78857421875,87.51600646972656,87.08319091796875
2025-10-15,97.45872497558594,52.80591583251953,90.74369049072266,387.3900146484375,659.7044677734375,87.32337951660156,88.3466796875
2025-10-16,97.80701446533203,53.14918899536133,91.21746826171875,396.45001220703125,655.211669921875,87.97834777832031,88.0356674194336
2025-10-17,97.67156219482422,53.139381408691406,91.38185119628906,388.989990234375,658.9308471679688,87.84347534179688,88.60909271240234
2025-10-20,97.83602905273438,53.865169525146484,92.13602447509766,403.1499938964844,665.7840576171875,88.18060302734375,89.50325012207031
2025-10-21,97.93277740478516,53.26689147949219,91.45919036865234,377.239990234375,665.7740478515625,88.61405181884766,89.25055694580078
2025-10-22,97.92310333251953,53.21784591674805,91.3238296508789,377.2799987792969,662.3128051757812,88.67182922363281,89.62960052490234
2025-10-23,97.74895477294922,53.688629150390625,91.749267578125,378.7900085449219,666.2402954101562,88.06502532958984,89.5712890625
2025-10-24,97.845703125,54.04171371459961,91.89430236816406,377.5199890136719,671.6851806640625,88.10356903076172,89.83370208740234
2025-10-27,97.91342163085938,54.63999938964844,92.53245544433594,367.010009765625,679.6094970703125,88.40213775634766,90.08641052246094
2025-10-28,97.97146606445312,54.62038040161133,92.49378204345703,364.3800048828125,681.41455078125,88.63330841064453,88.3175277709961
2025-10-29,97.5071029663086,54.934234619140625,91.9716567993164,363.0,681.7418212890625,87.7375259399414,86.04325103759766
2025-10-30,97.32330322265625,54.36537551879883,91.56555938720703,370.1300048828125,674.2439575195312,87.22703552246094,86.45144653320312
2025-10-31,97.26524353027344,54.23787307739258,91.36251068115234,368.1199951171875,676.4556274414062,86.96697998046875,86.67499542236328
2025-11-03,97.14586639404297,54.581153869628906,91.40118408203125,368.7799987792969,677.7251586914062,86.74948120117188,86.54865264892578
2025-11-04,97.19439697265625,53.58074188232422,90.46328735351562,362.32000732421875,669.6917114257812,86.94281005859375,86.69442749023438
2025-11-05,96.9323501586914,54.06132888793945,91.0434341430664,366.510009765625,672.012451171875,85.99547576904297,86.77217864990234
2025-11-06,97.29145812988281,53.659202575683594,90.84037780761719,366.07000732421875,664.8021850585938,86.76881408691406,86.35426330566406
2025-11-07,97.25262451171875,53.50227737426758,91.17880249023438,368.30999755859375,665.4567260742188,86.58514404296875,87.69550323486328
2025-11-10,97.21380615234375,54.4438362121582,92.13602447509766,378.3800048828125,675.8407592773438,86.56582641601562,87.64690399169922
2025-11-11,97.5049819946289,54.502685546875,92.81285858154297,379.8699951171875,677.3878784179688,86.96215057373047,88.62853240966797
2025-11-12,97.4661636352539,54.51249313354492,93.3639907836914,385.989990234375,677.7647705078125,87.1168212890625,87.96764373779297
2025-11-13,97.17498016357422,53.87498092651367,92.36808013916016,382.8699951171875,666.5179443359375,86.4014892578125,86.8888168334961
2025-11-14,97.05850982666016,53.90440368652344,92.10702514648438,375.9599914550781,666.408935546875,85.9084701538086,87.07347106933594
2025-11-17,97.07792663574219,53.26689147949219,90.9080581665039,371.6499938964844,660.2003173828125,86.12114715576172,86.35426330566406
2025-11-18,97.13616943359375,53.002071380615234,89.72844696044922,374.3500061035156,654.6563110351562,86.0921401977539,86.70415496826172
2025-11-19,97.13616943359375,52.81571960449219,89.45771026611328,374.9599914550781,657.1853637695312,85.91814422607422,86.02381134033203
2025-11-20,97.25262451171875,52.089935302734375,88.22007751464844,374.8500061035156,647.1683349609375,86.2564697265625,85.66419982910156
2025-11-21,97.48556518554688,52.08012771606445,89.58341217041016,374.2699890136719,653.6149291992188,86.51749420166016,87.05403900146484
2025-11-24,97.67970275878906,52.629371643066406,89.66075897216797,380.20001220703125,663.235107421875,87.010498046875,87.28729248046875
2025-11-25,97.83499145507812,52.81571960449219,90.73401641845703,380.0799865722656,669.4734497070312,87.23281860351562,88.09397888183594
2025-11-26,97.99028778076172,53.19823455810547,91.72993469238281,383.1199951171875,674.09521484375,87.6194839477539,88.48274230957031
2025-11-28,97.85438537597656,53.276695251464844,92.03934478759766,387.8800048828125,677.7747192382812,87.20381164550781,88.7743148803711
2025-12-01,97.4317855834961,53.237464904785156,91.58489227294922,389.75,674.6803588867188,86.11825561523438,87.75381469726562
2025-12-02,97.55838775634766,53.257080078125,91.89430236816406,387.239990234375,675.9300537109375,86.15705108642578,87.44280242919922
2025-12-03,97.74339294433594,53.29631423950195,92.3874282836914,386.8800048828125,678.2706298828125,86.39958190917969,87.66634368896484
2025-12-04,97.50968933105469,53.28650665283203,92.63880920410156,387.1300048828125,678.7664794921875,85.93392181396484,87.45252227783203
2025-12-05,97.402587890625,53.688629150390625,92.63880920410156,386.44000244140625,680.0557861328125,85.53617095947266,87.35533142089844
2025-12-08,97.24678802490234,53.57093048095703,92.34874725341797,385.4200134277344,678.0127563476562,85.25482177734375,86.6847152709961
2025-12-09,97.15914916992188,53.482662200927734,92.2230453491211,387.3999938964844,677.427490234375,85.34214782714844,86.35426330566406
2025-12-10,97.47074890136719,54.0809440612793,93.24797058105469,389.04998779296875,681.92041015625,85.67198181152344,86.66526794433594
2025-12-11,97.49021911621094,53.8259391784668,93.79910278320312,393.239990234375,683.5072021484375,85.55557250976562,87.04431915283203
2025-12-12,97.1883544921875,53.19823455810547,93.30598449707031,395.44000244140625,676.1580810546875,84.73096466064453,86.93740844726562
2025-12-15,97.28573608398438,53.04130554199219,93.8764419555664,395.79998779296875,675.1365356445312,84.7891845703125,87.20954895019531
2025-12-16,97.47074890136719,52.70604705810547,93.44133758544922,395.8900146484375,673.2918701171875,85.25482177734375,86.56807708740234
2025-12-17,97.44154357910156,52.32801055908203,92.68333435058594,399.2900085449219,665.8832397460938,85.1772232055664,86.8888168334961
2025-12-18,97.6849594116211,52.92491149902344,93.3428955078125,398.57000732421875,670.9114990234375,85.58467864990234,86.43201446533203
2025-12-19,97.54232788085938,53.442222595214844,93.9729232788086,399.0199890136719,676.9923095703125,85.2652359008789,86.1015625
2025-12-22,97.50325012207031,53.73072052001953,94.20918273925781,408.2300109863281,681.2098999023438,85.0802001953125,86.54389953613281
2025-12-23,97.50325012207031,54.029170989990234,94.79000091552734,413.6400146484375,684.3233032226562,85.21654510498047,86.48505401611328
2025-12-24,97.71818542480469,54.13859939575195,94.90813446044922,411.92999267578125,686.7305297851562,85.73269653320312,87.05390930175781
2025-12-26,97.73773193359375,54.51663589477539,95.06563568115234,416.739990234375,686.660888671875,85.45027923583984,87.1519775390625
2025-12-29,97.85497283935547,54.37736129760742,94.7801513671875,398.6000061035156,684.2138671875,85.77165222167969,87.32852172851562
2025-12-30,97.81588745117188,54.596221923828125,94.93766021728516,398.8900146484375,683.3783569335938,85.56715393066406,87.50505828857422
2025-12-31,97.5813980102539,54.427101135253906,94.53404235839844,396.30999755859375,678.3152465820312,84.88541412353516,86.78909301757812
2026-01-02,97.55209350585938,55.94919204711914,95.52831268310547,398.2799987792969,679.55859375,84.7588119506836,86.81851959228516
2026-01-05,97.73773193359375,56.565982818603516,96.62102508544922,408.760009765625,684.0845336914062,85.1775894165039,87.0146713256836
2026-01-06,97.71818542480469,56.98381042480469,96.76869201660156,413.17999267578125,688.1529541015625,85.00227355957031,87.65217590332031
2026-01-07,97.81588745117188,56.556034088134766,96.40444946289062,409.2300109863281,685.9347534179688,85.49897766113281,86.79889678955078
2026-01-08,97.64002990722656,56.575931549072266,96.41429901123047,411.489990234375,685.8651123046875,85.0704574584961,87.57371520996094
2026-01-09,97.85497283935547,56.84453582763672,97.27073669433594,414.4700012207031,690.4010009765625,85.63533020019531,87.75025939941406
2026-01-12,97.80612182617188,57.64039611816406,97.86139678955078,422.2300109863281,691.4852294921875,85.3821029663086,87.8679428100586
2026-01-13,97.89404296875,57.21261978149414,97.3002700805664,421.6300048828125,690.1026000976562,85.5281982421875,88.35833740234375
2026-01-14,98.04058837890625,57.45138168334961,97.75311279296875,425.94000244140625,686.7106323242188,86.02488708496094,89.12335205078125
2026-01-15,97.91358184814453,57.78962326049805,97.71372985839844,423.3299865722656,688.5806884765625,86.00540161132812,89.7412338256836
2026-01-16,97.74749755859375,57.57075881958008,97.97952270507812,421.2900085449219,688.0037231445312,85.50871276855469,90.83971405029297
2026-01-20,97.37622833251953,57.01365661621094,96.4930419921875,437.2300109863281,673.9981689453125,84.38872528076172,89.15277099609375
2026-01-21,97.69863891601562,57.958744049072266,97.48731231689453,443.6000061035156,681.77685546875,85.03150177001953,89.50585174560547
2026-01-22,97.71818542480469,58.39646911621094,97.8712387084961,451.7900085449219,685.3379516601562,85.4015884399414,88.62315368652344
2026-01-23,97.80612182617188,58.764556884765625,98.41267395019531,458.0,685.5865478515625,85.63533020019531,88.79969024658203
2026-01-26,97.95266723632812,58.864036560058594,98.9048843383789,464.70001220703125,689.0680541992188,86.04435729980469,88.68199920654297
2026-01-27,97.88426208496094,60.02798843383789,100.49964141845703,476.1000061035156,691.8134765625,85.50871276855469,88.65257263183594
2026-01-28,97.84520721435547,60.43586730957031,99.43647003173828,494.55999755859375,691.7438354492188,85.31393432617188,87.74044799804688
2026-01-29,97.84520721435547,60.127471923828125,100.10588073730469,495.8999938964844,690.3711547851562,85.33340454101562,88.96641540527344
2026-01-30,97.82565307617188,58.79439926147461,99.17066955566406,444.95001220703125,688.3120727539062,84.85619354248047,89.05469512939453
2026-02-02,97.71294403076172,58.97346878051758,99.82039642333984,427.1300048828125,691.7339477539062,84.6137466430664,88.13275909423828
2026-02-03,97.72273254394531,59.291812896728516,99.86961364746094,454.2900085449219,685.885009765625,84.81904602050781,87.93660736083984
2026-02-04,97.6639175415039,58.49595260620117,100.19447326660156,453.9700012207031,682.5626831054688,84.60396575927734,89.2018051147461
2026-02-05,98.08540344238281,58.22734832763672,98.7670669555664,441.8800048828125,674.0379638671875,85.52294158935547,89.07431030273438
2026-02-06,98.14420318603516,59.75938415527344,101.01154327392578,455.4599914550781,686.96923828125,85.58159637451172,90.47682189941406
2026-02-09,98.17361450195312,60.19710922241211,102.37004089355469,467.0299987792969,690.2816772460938,85.5620346069336,90.85932159423828
2026-02-10,98.4578628540039,60.286643981933594,102.61614990234375,462.3999938964844,688.4613037109375,86.54944610595703,92.07548522949219
2026-02-11,98.232421875,61.24168014526367,103.30525207519531,467.6300048828125,688.3021850585938,86.0899658203125,91.56549072265625
2026-02-12,98.67349243164062,60.5452995300293,102.52755737304688,451.3900146484375,677.668701171875,87.23380279541016,91.45759582519531
2026-02-13,98.98714447021484,60.803955078125,102.61614990234375,462.6199951171875,678.1461181640625,87.71283721923828,92.77183532714844
2026-02-17,98.99695587158203,60.55524826049805,102.59646606445312,448.20001220703125,679.2402954101562,87.85948181152344,93.654541015625
2026-02-18,98.85972595214844,60.873592376708984,102.71459197998047,458.2799987792969,682.662109375,87.5270767211914,92.55606842041016
2026-02-19,98.87933349609375,60.724369049072266,102.42911529541016,459.55999755859375,680.8616333007812,87.61507415771484,92.35991668701172
2026-02-20,98.89893341064453,62.01764678955078,103.265869140625,468.6199951171875,685.7855834960938,87.40977478027344,93.05625915527344
2026-02-23,99.09497833251953,61.331214904785156,102.84256744384766,481.2799987792969,678.7827758789062,87.73236846923828,93.06607818603516
2026-02-24,99.08516693115234,62.296199798583984,103.02960968017578,474.6099853515625,683.7164916992188,87.88880157470703,93.30146026611328
2026-02-25,99.0361557006836,62.98263168334961,104.0140380859375,473.4200134277344,689.4859008789062,87.8985824584961,93.04646301269531
2026-02-26,99.19298553466797,62.38573455810547,103.92543029785156,477.4800109863281,685.6561889648438,88.25051879882812,93.6839599609375
2026-02-27,99.38903045654297,62.25640869140625,103.73838806152344,483.75,682.3637084960938,88.78821563720703,93.8507080078125
2026-03-02,98.99179077148438,61.18199157714844,101.6907958984375,490.0,682.751708984375,87.89659881591797,94.08609008789062
2026-03-03,98.88363647460938,58.117916107177734,98.53079986572266,468.1400146484375,676.7337036132812,87.72004699707031,93.58588409423828
2026-03-04,98.84430694580078,58.744659423828125,99.80070495605469,471.79998779296875,681.5082397460938,87.44538879394531,93.70357513427734
2026-03-05,98.55917358398438,57.33200454711914,97.61529541015625,466.1300048828125,677.70849609375,87.09227752685547,92.76203155517578
2026-03-06,98.44119262695312,57.02360534667969,96.74899291992188,473.510009765625,668.82568359375,86.76858520507812,91.7518310546875
2026-03-09,98.75582122802734,58.147762298583984,97.44793701171875,472.5299987792969,674.6845703125,87.52387237548828,91.95779418945312
2026-03-10,98.43135070800781,58.37657165527344,97.67435455322266,477.8599853515625,673.6002807617188,86.59202575683594,91.82048797607422
2026-03-11,97.98889923095703,58.52579879760742,97.4676284790039,476.239990234375,672.7548217773438,85.47383117675781,90.86913299560547
2026-03-12,97.6250991821289,56.655517578125,95.9417724609375,466.8800048828125,662.5390625,85.30708312988281,90.2414321899414
2026-03-13,97.54644012451172,56.50629425048828,94.79984283447266,460.8399963378906,658.7890014648438,84.88529968261719,90.3885498046875
2026-03-16,97.92990112304688,58.078125,96.5718002319336,460.42999267578125,665.493408203125,85.54248809814453,91.14375305175781
2026-03-17,98.12654876708984,58.44620895385742,96.83760070800781,459.2699890136719,667.2440185546875,85.77790069580078,91.54586029052734
2026-03-18,97.7136001586914,57.262367248535156,95.18376922607422,444.739990234375,657.9335327148438,85.2972640991211,90.19239807128906
2026-03-19,97.82174682617188,57.322052001953125,95.01641082763672,426.4100036621094,656.3121948242188,85.817138671875,89.82949829101562
2026-03-20,97.00566864013672,55.352291107177734,92.1320571899414,413.3800048828125,646.9034423828125,84.18887329101562,87.04409790039062
2026-03-23,97.36945343017578,57.01365661621094,94.34700012207031,404.0400085449219,653.6959228515625,84.73816680908203,87.72083282470703
2026-03-24,97.10399627685547,56.22774124145508,93.78588104248047,404.1300048828125,651.5015869140625,84.36543273925781,87.14193725585938
2026-03-25,97.44812774658203,57.123085021972656,95.15423583984375,416.2900085449219,655.1322021484375,85.1795654296875,87.07254028320312
2026-03-26,96.89750671386719,55.18317413330078,93.18539428710938,400.6400146484375,643.432373046875,84.4635238647461,86.95359802246094
2026-03-27,96.88768005371094,54.91456985473633,92.33879089355469,414.70001220703125,632.4606323242188,84.00250244140625,86.23988342285156
2026-03-30,97.3792953491211,54.466896057128906,92.60457611083984,414.5799865722656,630.3460693359375,85.12071228027344,86.56700134277344
2026-03-31,97.60543060302734,56.49634552001953,95.61690521240234,430.2900085449219,648.6688842773438,85.03243255615234,87.9250259399414
2026-04-01,97.67153930664062,56.9340705871582,97.07386016845703,437.82000732421875,653.5562744140625,84.94873046875,88.24223327636719
2026-04-02,97.89845275878906,56.29737854003906,96.47335815429688,429.4100036621094,654.144775390625,85.47066497802734,89.44166564941406
2026-04-06,97.72086334228516,56.814693450927734,96.95572662353516,427.6499938964844,657.23681640625,85.33280181884766,89.57052612304688
2026-04-07,97.8392562866211,57.01365661621094,96.81790161132812,431.80999755859375,657.5260009765625,85.32295227050781,89.69938659667969
2026-04-08,98.09576416015625,60.127471923828125,100.59809112548828,434.5299987792969,674.27294921875,85.59868621826172,91.31515502929688
2026-04-09,98.15496063232422,59.968299865722656,100.36182403564453,437.9100036621094,678.162841796875,85.38203430175781,91.9693832397461
2026-04-10,97.98724365234375,60.24685287475586,100.58824157714844,437.1300048828125,677.7140502929688,85.17522430419922,92.16764068603516
2026-04-13,98.18455505371094,60.754215240478516,101.20842742919922,435.3599853515625,684.3369750976562,85.43128204345703,92.51457977294922
2026-04-14,98.44107055664062,61.91816711425781,102.02549743652344,445.0899963378906,692.675537109375,85.88428497314453,93.39680480957031
2026-04-15,98.28321838378906,61.87837219238281,101.70063781738281,440.4599914550781,698.1414184570312,85.51006317138672,93.46619415283203
2026-04-16,98.14509582519531,62.127079010009766,101.40531158447266,440.0799865722656,699.8569946289062,84.96841430664062,94.3285903930664
2026-04-17,98.5101318359375,63.3109245300293,102.69490814208984,445.92999267578125,708.3152465820312,85.74640655517578,95.83531188964844
2026-04-20,98.5002670288086,62.85330581665039,102.29129791259766,442.0899963378906,706.8988037109375,85.72671508789062,96.1822509765625
2026-04-21,98.13523864746094,61.9281120300293,100.04680633544922,429.57000732421875,702.2708129882812,85.2540054321289,94.47727966308594
2026-04-22,98.27334594726562,63.052268981933594,100.38151550292969,435.260009765625,709.3825073242188,85.42142486572266,93.69417572021484
2026-04-23,98.11549377441406,62.02759552001953,99.66288757324219,431.0400085449219,706.6295776367188,85.23431396484375,94.65570831298828
2026-04-24,98.25360870361328,63.41040802001953,100.18462371826172,433.25,712.10546875,85.39188385009766,94.46736907958984
2026-04-27,98.10564422607422,63.3109245300293,99.80070495605469,429.8900146484375,713.332275390625,84.96841430664062,93.95191192626953
2026-04-28,98.06616973876953,62.66428756713867,99.38724517822266,421.9100036621094,709.8612060546875,85.05706024169922,94.8143081665039
2026-04-29,97.63207244873047,62.36583709716797,98.373291015625,417.4100036621094,709.7515258789062,84.3972396850586,94.07086181640625
2026-04-30,97.77019500732422,63.65911865234375,100.72605895996094,423.6600036621094,716.8132934570312,84.3184585571289,95.48837280273438
2026-05-01,97.89888763427734,63.79838943481445,100.50949096679688,423.17999267578125,718.7982177734375,84.61992645263672,95.2207260131836
2026-05-04,97.59201049804688,63.7685432434082,99.13129425048828,414.7099914550781,716.1649780273438,83.97743225097656,94.62596893310547
2026-05-05,97.77018737792969,65.06182861328125,100.45042419433594,418.2699890136719,721.9102172851562,84.44200897216797,94.92334747314453
2026-05-06,98.18594360351562,67.1410140991211,103.1772689819336,430.9599914550781,731.9443359375,85.0844955444336,96.2417221069336
2026-05-07,97.94837951660156,66.24566650390625,101.28718566894531,431.67999267578125,729.7001342773438,84.65946960449219,95.54784393310547
2026-05-08,98.1760482788086,67.58869171142578,102.34051513671875,433.7699890136719,735.724609375,85.0844955444336,95.77583312988281
2026-05-11,97.9186782836914,67.53894805908203,102.12393951416016,434.6499938964844,737.4002685546875,84.57050323486328,95.84522247314453
2026-05-12,97.6316146850586,65.47965240478516,101.53328704833984,432.92999267578125,736.2831420898438,84.00709533691406,95.84522247314453
2026-05-13,97.67121124267578,66.86246490478516,102.21253967285156,430.5,740.4025268554688,83.81929779052734,95.05220794677734
2026-05-14,97.64151763916016,67.03158569335938,101.84830474853516,427.2099914550781,746.2474975585938,83.93790435791016,94.48719024658203
2026-05-15,97.02778625488281,64.73352813720703,100.13540649414062,417.2900085449219,737.2706298828125,82.6924819946289,93.08951568603516
2026-05-18,97.01789093017578,64.63404846191406,101.0607681274414,418.42999267578125,736.751953125,82.59363555908203,94.17990112304688
2026-05-19,96.64173126220703,63.9277229309082,100.33229064941406,411.5,731.8446044921875,82.05987548828125,94.44754028320312
2026-05-20,97.22576904296875,65.12151336669922,102.00581359863281,417.3999938964844,739.3452758789062,82.93959045410156,95.64696502685547
2026-05-21,97.34454345703125,65.68856811523438,102.56693267822266,416.989990234375,740.8114624023438,83.2459945678711,95.82539367675781
2026-05-22,97.44355010986328,65.53933715820312,102.3602066040039,413.82000732421875,743.7239990234375,83.70067596435547,95.92452239990234
2026-05-26,97.720703125,68.04631042480469,103.4922866821289,414.0,748.6613159179688,84.1158218383789,96.37059020996094
2026-05-27,97.79989624023438,68.03636169433594,103.13789367675781,408.489990234375,748.5316162109375,84.31350708007812,96.07321166992188
2026-05-28,97.99787139892578,68.2552261352539,103.05914306640625,412.7699890136719,752.6609497070312,84.74842071533203,95.70645141601562
2026-05-29,98.05725860595703,68.24527740478516,103.16743469238281,417.1199951171875,754.5361328125,84.76819610595703,94.8638687133789
2026-06-01,98.00859832763672,69.7176284790039,102.81304168701172,411.260009765625,756.5908203125,84.81383514404297,93.26793670654297
2026-06-02,98.03839874267578,70.43390655517578,103.38399505615234,411.95001220703125,757.6182250976562,84.99246215820312,93.69417572021484
2026-06-03,97.82981872558594,69.5584487915039,102.4980239868164,407.8699951171875,752.3018798828125,84.65506744384766,93.58514404296875
2026-06-04,97.98873138427734,68.74269104003906,103.3150863647461,411.2699890136719,755.1445922851562,84.8436050415039,95.2603759765625
2026-06-05,97.50205993652344,64.25601196289062,100.66699981689453,396.239990234375,735.65478515625,84.406982421875,95.94435119628906
2026-06-08,97.50205993652344,65.4100112915039,101.27733612060547,397.2699890136719,737.3204345703125,83.97036743164062,94.63587951660156
2026-06-09,97.7007064819336,65.47965240478516,101.29702758789062,390.7799987792969,735.1560668945312,84.4665298461914,96.81665802001953
2026-06-10,97.64111328125,64.32565307617188,99.98774719238281,374.5799865722656,723.56591796875,84.22836303710938,96.82657623291016
2026-06-11,98.20722961425781,67.15096282958984,103.09852600097656,386.32000732421875,735.8642578125,85.3199234008789,96.75718688964844
2026-06-12,98.08805847167969,67.52899932861328,103.38399505615234,386.5400085449219,739.843994140625,85.11153411865234,97.64932250976562
2026-06-15,98.17743682861328,69.75,104.08000183105469,396.54998779296875,752.890380859375,85.06192016601562,96.96534729003906
2026-06-16,98.29662322998047,68.63999938964844,104.30999755859375,397.6300048828125,748.4019775390625,85.52831268310547,97.2032470703125
2026-06-17,97.93907165527344,68.55999755859375,103.77999877929688,388.6000061035156,739.0560302734375,85.66724395751953,94.774658203125
2026-06-18,98.22710418701172,70.79000091552734,104.41000366210938,387.1199951171875,746.739990234375,86.08401489257812,94.72509002685547
2026-06-22,97.95893859863281,71.20999908447266,104.58000183105469,384.5899963378906,744.3900146484375,85.42906951904297,95.74609375
2026-06-23,98.03839874267578,67.16999816894531,102.45999908447266,377.32000732421875,733.5800170898438,85.5382308959961,97.00499725341797
2026-06-24,98.51512908935547,67.25,102.26000213623047,365.9200134277344,733.239990234375,86.70916748046875,97.01000213623047
2026-06-25,98.57472229003906,67.95999908447266,103.1500015258789,369.4599914550781,734.2999877929688,86.67940521240234,97.19000244140625
2026-06-26,98.66410064697266,67.19000244140625,102.54000091552734,373.6300048828125,728.989990234375,86.6893310546875,98.66999816894531
2026-06-29,98.69390106201172,67.43000030517578,103.44999694824219,368.5799865722656,741.0,86.77863311767578,98.1500015258789
2026-06-30,98.30656433105469,68.41000366210938,103.87999725341797,368.3800048828125,746.77001953125,85.75653839111328,96.43000030517578
2026-07-01,98.15807342529297,66.4800033569336,103.0199966430664,370.6000061035156,745.760009765625,85.1768798828125,96.81999969482422
2026-07-02,98.26769256591797,65.69999694824219,104.37000274658203,378.1300048828125,744.780029296875,85.16692352294922,98.0199966430664
2026-07-06,98.31752014160156,67.56999969482422,105.45999908447266,382.1300048828125,751.280029296875,85.1071548461914,97.23999786376953
2026-07-07,97.86907958984375,65.72000122070312,104.16000366210938,377.489990234375,747.7100219726562,84.21077728271484,98.4000015258789
2026-07-08,97.69967651367188,66.2300033569336,103.36000061035156,374.45001220703125,745.4000244140625,84.02153778076172,96.80000305175781
2026-07-09,97.83918762207031,66.77999877929688,103.91999816894531,378.17999267578125,751.7100219726562,84.15100860595703,97.08999633789062
2026-07-10,97.73953247070312,66.9000015258789,104.33000183105469,377.010009765625,754.9500122070312,84.13109588623047,97.31999969482422
2026-07-13,97.37081909179688,64.5,103.23999786376953,367.1300048828125,749.1699829101562,83.63310241699219,97.83000183105469
2026-07-14,97.6598129272461,65.66999816894531,103.95999908447266,372.1499938964844,751.8300170898438,83.74266052246094,97.56999969482422
2026-07-15,97.79932403564453,65.56999969482422,104.6500015258789,372.3500061035156,754.8099975585938,83.90201568603516,97.86000061035156
2026-07-16,97.78936004638672,64.19000244140625,103.80999755859375,364.9599914550781,750.719970703125,83.87213134765625,100.06999969482422
2026-07-17,97.85911560058594,63.290000915527344,103.33000183105469,368.4100036621094,743.2899780273438,84.1808853149414,100.0199966430664
2026-07-20,97.6099853515625,63.560001373291016,102.56999969482422,367.6000061035156,742.0900268554688,83.55342102050781,99.4800033569336
2026-07-21,97.40071105957031,65.33999633789062,104.05999755859375,374.80999755859375,748.280029296875,83.32434844970703,99.5199966430664
2026-07-22,97.24127197265625,64.98999786376953,104.25,379.1199951171875,747.4099731445312,83.105224609375,99.0199966430664
2026-07-23,97.0020980834961,64.5999984741211,102.9000015258789,371.5199890136719,738.1799926757812,82.8363037109375,98.69000244140625
2026-07-24,97.1216812133789,63.33000183105469,103.41000366210938,371.8999938964844,738.9299926757812,82.91598510742188,100.80999755859375
2026-07-27,97.35089111328125,63.619998931884766,103.91000366210938,374.6300048828125,739.0900268554688,83.41397857666016,100.54000091552734
2026-07-28,97.58008575439453,62.36000061035156,103.88999938964844,369.3699951171875,740.8599853515625,83.90201568603516,100.94999694824219
2026-07-29,97.21138000488281,61.06999969482422,103.37000274658203,371.0799865722656,729.4600219726562,82.51759338378906,100.66000366210938
2026-07-30,97.28113555908203,63.59000015258789,106.23999786376953,377.1600036621094,741.6900024414062,82.4677963256836,99.48999786376953
2026-07-31,97.03199768066406,64.08999633789062,105.58000183105469,371.5400085449219,747.030029296875,81.91999816894531,98.94999694824219
2026-08-03,97.26000213623047,64.31999969482422,106.0199966430664,371.7099914550781,757.6699829101562,82.19000244140625,99.06999969482422
2026-08-04,97.66000366210938,66.0,107.31999969482422,374.1600036621094,771.3300170898438,82.81999969482422,98.91999816894531
